danceability,energy,loudness,speechiness,acousticness,instrumentalness,liveness,valence,tempo,duration_ms,popularity
0.7041317096838311,0.3652497148036859,-21.50146789522268,0.1098669245967685,0.1275071016817644,0.07244980381089042,0.4305472959414521,0.2561377808826513,60.0,174301,86
0.6447717257810859,0.36580056457338833,-17.990614914810177,0.09765174049636921,0.3578215560671413,0.3049971737533816,0.2976211406413306,0.601362415009935,114.46066028522604,266676,6
0.6850862521430592,0.6995440508849363,-5.644016279688605,0.09224827892971912,0.19353784762153622,0.12601031091158674,0.5424447309253585,0.377513815773446,154.77487013010932,211340,90
0.5047279391493802,0.632413454135287,-29.584135922614195,0.06729247746933954,0.3199703921083941,0.08684098767429395,0.1922862673632969,0.9375465141316687,123.5369835370951,212954,76
0.8961500779674313,0.38400822154677977,-10.518635392901327,0.07521683720353625,0.264122651414221,0.010441203856691034,0.4029321399050928,0.4047403283371518,153.30079529078083,281973,50
0.46587418975658984,0.8054358674061719,-9.93370406877944,0.040713028442218226,0.08699303958123515,0.09373624014889877,0.1864599748936892,0.29206985822589854,151.15903039693058,298822,16
0.787983138871396,0.6575779559028865,-6.0403265893009035,0.07325383089290653,0.35583087050653983,0.2578342217035425,0.4207465382985311,0.3653349325030796,88.13697815287173,92329,31
0.5570579753082402,0.28157925469814293,-2.017411828190604,0.022009309080150058,0.4407533792366993,0.14299807414338644,0.13355427790947577,0.49315767799103455,131.49986541032638,212273,25
0.6111141042092154,0.7166071316521282,-29.395864531521305,0.16356504660217097,0.3369661023506232,0.2677138130842156,0.4688978999964989,0.41155455099844573,163.13214142423362,135384,21
0.7829657913549996,0.6943422687634138,-25.386488834603515,0.020552093908722244,0.5292535485431875,0.10218625115792469,0.20230993630460353,0.5924039034350945,95.03373274130483,196792,12
0.855443167608288,0.7373820228920104,-3.4148611783202085,0.008879437273439632,0.3393430997282357,0.018913025280017252,0.10942766238047077,0.2672798373196147,95.34063519869143,219595,11
0.43865955601357653,0.5395214857797682,-16.244443134389538,0.057313733959968194,0.016108664847518075,0.002060058473798736,0.34215805687930556,0.30146314113231043,99.56997326244964,198708,70
0.6857230738327964,0.49159334850679626,-13.062280831996095,0.10738438921378873,0.3700401819965376,0.05419273589389286,0.14139131186083112,0.4944851470489081,142.26046463725518,158483,0
0.6672770407917512,0.635580064353442,-10.109183888305578,0.05757496857634068,0.3093305217887313,0.17959450661597806,0.25285538991593864,0.21661659705907246,127.10964282158984,155439,32
0.4383788804693165,0.3513103546328398,-9.628001865130878,0.03240060481754766,0.03437692998017594,0.23428292288826671,0.3222830089895771,0.6649820930422512,71.60569172900937,263676,13
0.7214378420475358,0.5504317067520821,-2.047787900504754,0.0816832765791855,0.4080696401915166,0.05259388458806213,0.10537182987726604,0.3269563825071408,128.52365308792332,312088,63
0.46896233452449776,0.536472477248339,-0.09151747764991058,0.042618172614732344,0.28691050458305867,0.10267388724645916,0.061527381629047834,0.45290594247886146,113.70212667822106,96371,42
0.6178444492472739,0.5634067855229271,-8.395276172071792,0.2701089832665207,0.6273568756267822,0.08199872763234609,0.2759317012073095,0.23473778652623709,117.19310328374578,200342,57
0.5839880514046059,0.6475112230655737,-21.383363723845477,0.2559351867525707,0.13000318586576287,0.0792778815076406,0.20005314433190885,0.19381503542203052,99.07449758897212,263917,40
0.6094677990394456,0.3981100022424135,-3.607427931169692,0.06979021072718165,0.3683496292231813,0.03946768132817658,0.08754884235959709,0.737882969172676,128.70645553785332,218043,80
0.5450767725054337,0.8461510976193068,-28.52337256377715,0.03973243254084573,0.20681781732201704,0.02199181832371732,0.22385360028996598,0.39983210826093163,146.26145700767395,153178,67
0.7588010141018279,0.7515884109000353,-23.067574413765115,0.13361048487108293,0.5017603426553671,0.032851918867062395,0.1654641172507722,0.2961730000304934,103.950840816688,191332,38
0.42837020973233425,0.6307573708825692,-3.078428476088554,0.003740382591535727,0.25704534872496765,0.008538321871311877,0.18757445771813358,0.6582436314338461,77.93859922657705,238129,0
0.6875247458487521,0.28983749896156086,-22.31425456681935,0.06439171246687818,0.6041340990775811,0.03312145562023935,0.16703648624594106,0.8893370021659478,112.42214196208212,201568,40
0.5609655077543252,0.7552384891378232,-23.380468211347544,0.04099602877117508,0.07846811578243269,0.0013865230991334542,0.3671663795970783,0.4541679913373497,138.90716821505572,217121,44
0.6186987950275246,0.447201448679965,-25.856241205792582,0.25324497441644933,0.29559458383927883,0.14803047937630442,0.28039829656665505,0.6430879769161152,109.47424135343762,218850,87
0.6816003611976932,0.8980664730658559,-4.226647270592505,0.0012075645280140085,0.36847770164693944,0.057051952985717615,0.12079812007953628,0.6921531557264026,82.56127597099598,188543,97
0.5157327717178418,0.48734323123327694,-14.998252224267398,0.08047826218231986,0.39310715634519816,0.5425938765123482,0.08818442451663705,0.5721892287534823,139.08107122298452,268994,97
0.6042768584479807,0.4280185287266211,-9.753203908375356,0.13496291453419673,0.529186384271065,0.03229808166794911,0.38074684243141427,0.4132552047798566,155.38370367495781,191350,87
0.6313247455241365,0.5455785367346204,-22.82800847774911,0.0663623306159519,0.3099658259229942,0.06365787554471881,0.6150246703183273,0.8219064116963498,120.5003887527731,159671,78
0.5224150209173339,0.45443626255761876,-7.258787369663505,0.008927178086526872,0.0567761306426929,0.06643793841725508,0.19316146087387848,0.31155706462327776,79.85522850046004,353778,80
0.5612547000446482,0.4948550959137193,-7.1998336511370455,0.35921662600092563,0.15550031250253407,0.0012731118695036583,0.23469999500399852,0.7585252180678576,112.0542364495114,215332,12
0.6731504669314154,0.40460164411549404,-20.622059252750997,0.07298328070248494,0.09499418317274608,0.2741465073991549,0.26457234187716877,0.4167005819868235,123.78847202063177,63992,70
0.3828792903223053,0.6426878212103423,-17.679521009691513,0.09524005241928168,0.6594625321905624,0.004877620309580431,0.29142579673084734,0.39752284693981754,99.75716731870685,295284,8
0.3464600235789288,0.6242313134993681,-23.709291677093976,0.026998595340795933,0.23492957049674604,0.4224618694474657,0.1830196067590868,0.20915287274710326,134.5843057817854,295091,62
0.5720016745965463,0.3391538377676987,-0.7031693003128714,0.06606762829884719,0.2024783509487901,0.3339469087486313,0.31910327850576264,0.4334487224019558,97.31347212750502,247430,98
0.6498711142376296,0.7055159811376075,-10.631922688247652,0.05606279108861615,0.3411985011846299,0.11502613559136897,0.2229436802618534,0.3559356683843118,120.64069181005063,257898,22
0.8964784812795773,0.4998827916316036,-1.9636835785345341,0.007784894456788228,0.3712930873250693,0.11765639481063903,0.09414317740354097,0.7003003145461165,114.29194789154093,349584,53
0.6059998549974981,0.3853769527753184,-20.898433691126005,0.011222888628088814,0.2579043518687058,0.1591012302973772,0.33597264591865383,0.6108899761018137,135.39636995375216,162231,46
0.4249416519300945,0.5847751298190382,-6.543272610093308,0.18169081814715252,0.32843642335088175,0.07342078978685375,0.18238263229148544,0.5704640539661266,119.64327056013606,227994,38
0.326504295399215,0.570157103088142,-7.02424068345774,0.027419996876798792,0.4197319573933808,0.1562875677604235,0.27782806366011364,0.37167848255623076,115.08770749801849,338182,86
0.5931952841420175,0.20179895471482123,-9.250330444003755,0.021686116625938237,0.13084133584036514,0.006870216445845417,0.38892106640894447,0.6844141170256243,99.92836899415178,350894,25
0.8559955042549934,0.8660837452529931,-1.0308307419959872,0.07030186460483494,0.32750574850149805,0.008334458584997208,0.26871010547235036,0.27731514833901233,120.8692253648317,198034,0
0.3997307778307706,0.45899338320088684,-18.193339916810533,0.146424349774768,0.3090666018759184,0.09166055919483973,0.43737646190957113,0.3549169147461815,113.49481246602646,340609,13
0.5580796269373351,0.5326129965234457,-26.07848029230728,0.006394831516097645,0.44329564184438064,0.1196503076075221,0.3858142469709431,0.3878268199805918,98.23674359429981,268157,95
0.6491773844122645,0.5435340577256407,-9.848734222678177,0.08599291123141335,0.45195397183953334,0.32814442807479444,0.3647638397809667,0.6032692847387883,123.98727561046084,309712,73
0.5220102957474139,0.6737352306104657,-8.120705985683815,0.012693654972997868,0.17662501625710236,0.016582867888000473,0.23481566304653084,0.33245747522351704,129.09928350140245,266189,64
0.7622638201732339,0.7030788669384415,-12.74818279623556,0.0037142367269751364,0.06628959192412619,0.2594427615259511,0.13755298606266508,0.5975797933849922,111.5398194485796,238326,68
0.7391720954580304,0.628822177825526,-23.79546320599811,0.0054185844476959625,0.2660565893616861,0.03536733839088825,0.09509228187961251,0.12169897286950501,143.2892307765939,352563,66
0.4070158925577198,0.1859654977274228,-14.866321749919338,0.17967565832818122,0.350135842218205,0.07515200044279614,0.28909316476111435,0.8264727959470349,126.59935773590395,188283,48
0.6753962351731055,0.32042037515057636,-20.634307902926118,0.012553202576137344,0.5160959312188699,0.05710177531826527,0.3048757388436936,0.39576212110208975,87.90365282853402,334136,49
0.720111150543218,0.6662007680998385,-17.17600415499933,0.004620244783014457,0.1097055673936324,0.07666266680496149,0.09192407816357774,0.6648351738235877,153.43484987284205,343641,57
0.5797510737156266,0.5517595603480024,-10.643442724660083,0.05760753081965301,0.0626399162903837,0.024465305757246713,0.162005736813248,0.10869991496538807,139.17469828450092,301782,52
0.44674217025524215,0.5763192005208785,-7.6435577192749635,0.18578574260826594,0.13255741096760387,0.10504694133331519,0.12198344655712923,0.1727137431264716,145.04578028153827,215696,90
0.8042538322269965,0.6513360913030855,-23.033259272959707,0.03043649632159809,0.05832776626883096,0.24265271604963895,0.40149579229647364,0.8068393610389339,130.01257392156927,234666,56
0.43437590437091456,0.651002993812832,-17.8402391805914,0.054768433236122044,0.3254025124454355,0.08738423373910213,0.11926129609193752,0.24415094042294463,61.55682148682448,143511,85
0.511543587276336,0.7179846276738647,-21.925152870251125,0.004074130252984888,0.28860452011995313,0.10118225513309842,0.47531853526234097,0.5894929222655266,147.31546478142064,192845,17
0.6933836908784341,0.5510065142563803,-24.041051584143926,0.05961629738751385,0.35318268862041563,0.28334061827300666,0.3434571538801857,0.6956414673795637,121.51969208299958,257242,15
0.7771839125456337,0.5401674388426435,-6.498383400124848,0.08618335144870425,0.13398942398866828,0.18365598000290315,0.06701002860601413,0.2971064537229793,128.8304795457699,134397,1
0.8230801737200985,0.5306096279133142,-2.7224191668902273,0.08460817256006495,0.4067854267970843,0.1011353921302852,0.4940469533792531,0.7574249819967341,133.50960119434163,202125,12
0.506762279070863,0.6179183662519016,-18.8930344294627,0.040410607028011684,0.1562944545151576,0.04469939134079916,0.0760499751255308,0.5584726691420868,168.4069278161141,336689,44
0.7995446136080963,0.7175825419711506,-7.461632268786994,0.03791151097355419,0.29695838258246565,0.3243279554175368,0.312779001839883,0.6594216662133893,106.34440788834735,210738,79
0.6079573868486086,0.6061425383250274,-3.0901413190676674,0.011274730754879739,0.6434014985611503,0.12906469980689325,0.37775100693241,0.39093336231237735,106.98992524401373,282017,71
0.6200666914970772,0.8346624781353856,-4.616273684093053,0.045696629880929034,0.14212150321881287,0.03749006065942988,0.34281711004908694,0.28406439677108025,98.72413695726081,253990,42
0.5634716234363267,0.512264750702549,-24.51559834382322,0.010479919419815874,0.16699735743790223,0.04702584794259076,0.10920505513219492,0.6086825405466713,93.25143621512207,201538,71
0.7960821710422249,0.8770868358794289,-1.3112435545991608,0.14549841844393696,0.12969655149386994,0.24378410353599242,0.38676916112686976,0.6949888344948537,93.71171916038263,210697,53
0.3289578018073418,0.35935436593434805,-18.699706787116128,0.3389495054219591,0.1782872715496213,0.006772445868219959,0.3107090294345764,0.5443102587821799,73.70588134323954,230011,73
0.4610634470612394,0.4624749109359392,-19.82278016478491,0.35090428712019045,0.1707652951825317,0.725985603680651,0.1668700425747465,0.8153196493871959,130.6663952648119,96938,96
0.8174369629772352,0.24125199621542942,-28.12706018166659,0.20030073013188276,0.18526477559652793,0.020949956792029645,0.14645451531089726,0.6681641847346282,169.69516411905215,276818,30
0.696567425602187,0.36175708994918604,-15.41479037685351,0.09182730687552831,0.2189311178868814,0.23849568755646577,0.2609081052552863,0.7972203410752122,171.2893580455055,212897,75
0.8631681374805653,0.6777080031108722,-26.72959153077214,0.12068626333420972,0.3382750971926416,0.07532332689867974,0.25112366440334943,0.8447531516153923,98.69079689894998,278915,8
0.7638865172606054,0.5653389386693747,-22.54380537217722,0.03357606136375007,0.4604493989406266,0.10165492194472565,0.09478389205479543,0.7171482440985235,113.19614055901904,243292,100
0.5527302698882137,0.699679520061551,-20.49172134698156,0.09963366608537275,0.30110227435041076,0.3188549646932833,0.3432664501505346,0.6015267052023676,150.8335545112699,210246,72
0.7758609138372512,0.5482228372120694,-5.735210295249479,0.06081620289523007,0.24097964885512327,0.07988687627689821,0.3661463724988932,0.25045950173657866,130.8086741051946,231852,47
0.7564897203715079,0.31793849976051003,-3.7353404881231045,0.06578135117557793,0.041859411542165034,0.11566428248242075,0.09808014603401226,0.8971837139654704,123.36289178986539,232054,17
0.46936108824616557,0.5121412774510342,-20.92601047615591,0.14178946745737334,0.649237693775418,0.0075834552780146055,0.3354767346564582,0.3338452349530799,113.58163552893579,308571,93
0.5776371509715361,0.7867565437154365,-4.239056362662783,0.033117200553116594,0.2810720906179367,0.0003525350255791731,0.3637110722729484,0.4437177108999731,149.45753612358027,223759,95
0.4881411695144839,0.5166459326234257,-4.283071878906268,0.038278370448899895,0.29134280698889403,0.04211587439786591,0.17826668049868433,0.33275982802244547,93.17372603233835,237289,86
0.9844665544007842,0.583282701891072,-7.0604714884537945,0.2585502416627013,0.5462926117906662,0.17118871660834445,0.5451434837702738,0.46586113637393967,132.02187663614916,144286,10
0.305906808573955,0.6409803434340926,-25.599146579544552,0.005786674154582667,0.18968961415942878,0.01939076765204831,0.16890338961540113,0.3006639577623802,128.6233460630653,217177,61
0.276469325612648,0.2216727686236522,-9.290314592978131,0.06648207848239705,0.2485969038960578,0.018115454241213608,0.17124145274486646,0.573775009508182,121.08429891708374,307258,83
0.6175055927645071,0.5273397131644815,-1.6492780625829373,0.243956012709857,0.4392210898888791,0.07938933272566913,0.15115098827441723,0.44802413606730107,139.69324143583967,245729,18
0.6734438445056282,0.5611767530075883,-9.523785636985288,0.09425397625891001,0.46360692555333594,0.15654918780253582,0.4987261764436858,0.5355162069835558,120.84343237332003,155139,99
0.3856427603836557,0.4911862240387855,-20.05149452676498,0.07905551223959677,0.2672577269945208,0.18675672047666428,0.22830219551261066,0.639495855956751,106.63681025156382,161570,89
0.5045422499357985,0.4928665650584624,-14.982620477075061,0.028734103625037782,0.2819303733536357,0.029484494940725862,0.2038243326448967,0.15825420633196954,122.31278272455356,175510,73
0.6576805999669624,0.7059874844363612,-10.628248699468392,0.04204906620785936,0.5692730228078995,0.012440106481737214,0.13546924211377798,0.6600538754933718,80.19740825905433,279977,23
0.6550003595099951,0.330245502538382,-14.682887738144894,0.19108701925534538,0.2236700886792262,0.4230074910202141,0.42315286275547837,0.36670618764969504,135.31786827991417,272592,12
0.6043013592524933,0.8054444033670892,-26.401411748070906,0.08192051557654434,0.23061271313703677,0.04530090232030952,0.14907354082370292,0.4061177188888551,141.70573133748937,60000,45
0.7781229885327227,0.8006514500627664,-20.63807866043938,0.07230749700078633,0.3531544202561912,0.28795239017841084,0.1608026610182932,0.5565791882090813,103.58463671384608,215116,52
0.5747434777713036,0.7538695745570102,-5.9281190833910244,0.010489363970584321,0.23214236376262246,0.2987052048519781,0.07776301687629603,0.3058293423047105,97.63721945954316,228858,97
0.5734243404714676,0.2235633239409941,-4.157458617134477,0.0016157996622941763,0.2384389992838884,0.22210565249593353,0.1809548233217963,0.4894133525621892,104.50620858322297,162271,28
0.4993493304420559,0.4485301704882127,-25.880999018532894,0.3315529595780795,0.36526332118874694,0.027738790725327995,0.1048310295091595,0.5705683028507117,118.42442556550274,196571,35
0.5512313274191992,0.7362109756454007,-1.4283974280382616,0.04731865570492681,0.4133211757037022,0.258728542925295,0.203627432831663,0.5501468991318292,125.39714895088993,299859,70
0.593174454494848,0.7062463397519281,-20.13532146454172,0.09243558227107894,0.1412777499469272,0.219963424377643,0.3411636486331057,0.38144762016770917,160.38729859725203,244530,93
0.7401964829367054,0.7160032776463604,-10.130587838078402,0.008307195382984446,0.2789410612672031,0.13621973755532443,0.17708393322007882,0.42055708807947934,157.22727540277887,190025,16
0.6818748850746637,0.5031363405496332,-7.4452456212995655,0.1149214092894456,0.4770180100982217,0.06169275959957042,0.1757867189227566,0.1712214704822091,140.78856662681335,208761,47
0.713589305357754,0.564674070933075,-5.6416129608634975,0.2696616446896824,0.361797462056256,0.04567512864574703,0.125533447405493,0.280641175775265,123.0315165587296,206327,76
0.3936426567737639,0.5765447321597797,-1.627508933222096,0.0857232637591916,0.29619797335564774,0.01949737667497438,0.47791718377051884,0.2385952714766717,96.8268978475098,236917,23
0.5616799902970517,0.3886361479214501,-20.612413559135323,0.01348068598304307,0.3462252555015791,0.10692813433525747,0.4523589481002752,0.6363497318715677,161.99093083553154,134216,53
0.5349995375635096,0.5920109910851611,-4.244806363453365,0.08716078660550047,0.10846004019288348,0.13201583581492443,0.3313691182701953,0.3389903827661013,113.80894673294227,179814,94
0.6498856004845098,0.5650909727055119,-26.04939289691379,0.14539190822571563,0.2269082815991946,0.06678822124627601,0.3052807244862687,0.48925640722506303,127.0343533483813,282123,90
0.8476562099785132,0.4735811110571288,-8.848772809392218,0.05215774456268805,0.15051581206901055,0.0967561783234282,0.12611677337369948,0.5204614933685922,135.68380971360915,215646,84
0.5746466426372424,0.8160505731073134,-7.740668114580424,0.21189123489770634,0.29450633404439086,0.06776903626477769,0.30327752120342094,0.4090741960202796,121.53989638431693,169005,0
0.49379144102156475,0.547677760829995,-9.668302763960387,0.10460661964280918,0.5362160322633829,0.15366746450937274,0.25298657463703755,0.29286279473059706,148.77743363622054,171480,78
0.6215207732048503,0.49472326345875456,-22.43055791594541,0.22951023416293836,0.13751560636675203,0.3472885684586781,0.3217055298093432,0.4195797884750041,131.38479860256297,263250,66
0.557627363658006,0.645472685673359,-3.8087055895438993,0.097685133874033,0.26431929318681086,0.02685469351788429,0.07263352002448217,0.7249749506739713,144.71596305348154,188931,5
0.5541105456330746,0.4850726578304221,-24.93424609888815,0.014074359184092333,0.16674076091080736,0.07204659907685702,0.16215108120623134,0.6446226629899107,131.18363898265844,250654,77
0.6469945745287528,0.6796008087080244,-28.390956254375077,0.037061698567449466,0.12875606452853883,0.022775010709042066,0.11297068441766205,0.7532740424512672,119.05250844453587,182389,54
0.6342440124936595,0.6987048396025136,-8.476050281642635,0.02253897574630221,0.3268563949085386,0.14710189780099894,0.16466664105468065,0.7991273958235255,121.85464028805414,152202,37
0.42282042960045063,0.7389224928806741,-15.73572854301799,0.23949909692593022,0.11576307637312196,0.1957738121188512,0.18822325171774862,0.4366686239695754,118.44398804189996,234666,32
0.2835521506729878,0.6299738139369538,-4.527059401239718,0.14287846935734477,0.3384170503055753,0.40304475786498195,0.24448977011735012,0.7729947866356287,87.89285453926375,214157,7
0.8658796818989913,0.8729610371289799,-18.49808576825223,0.11282420533593479,0.3598383820137326,0.04904077859883132,0.29693689985707694,0.42311889264970304,94.97951347540958,261107,89
0.525850173023178,0.8868074180179494,-24.951642344768615,0.035805635426337266,0.1737830270834502,0.44999480064747815,0.419634617944269,0.539598892597679,138.51368839559206,273047,78
0.8732662672096068,0.6108667024291216,-4.906734225903908,0.020339579323191286,0.2783028816737725,0.00980285532457517,0.15085809062316385,0.4551092913751679,88.51571812585092,198521,77
0.848276235056872,0.8576131553373934,-13.53271105079785,0.14124374859492198,0.6741949637316158,0.13857808788277487,0.34913496198237787,0.5894169038532182,109.89441774062034,240936,19
0.6590650787112526,0.6074532398136486,-24.32412622828935,0.06427543886733471,0.03635215677195359,0.00882446218036775,0.2555391224437876,0.7210985938176862,93.7474107633333,196671,54
0.4018252841590869,0.42581843883523157,-8.388480042406627,0.025591154590333422,0.22449436638611184,0.33632822199268253,0.07854551650004013,0.47369999496632936,108.55702629902954,258018,47
0.45767465865662027,0.3515359171991426,-14.666590845314984,0.09587337743884372,0.5983467250653779,0.11319246078402555,0.22613593568400003,0.5025740307822898,116.11826739740602,234004,82
0.6302779999924889,0.7044680659844235,-11.870610532790405,0.00411698176479273,0.34663607642548144,0.1660034815514983,0.44267647700712437,0.4395504642287562,109.8441560408381,182569,55
0.49616042253102965,0.6799729279771216,-16.173049853802542,0.03947778025434058,0.4031675737816287,0.26718875323477903,0.39902362819891085,0.5003356241980784,84.29088931874819,177545,96
0.5781612895493969,0.7689082852413853,-5.138730485459808,0.0632159320423497,0.5280499551515648,0.02443266517545386,0.1962534348604173,0.5797882719099299,115.36173744133839,236120,99
0.27968561105538664,0.7152912161185788,-5.113118529508505,0.01601198497211068,0.4599431294093182,0.005903392006887914,0.231974816499668,0.6089768981079989,96.02759596380258,289731,87
0.7564583237530585,0.35071305850194234,-8.718335345268413,0.41769315472305346,0.33546094783888003,0.31664744254636834,0.3324472397273719,0.3099501693876944,104.08606975684746,274077,9
0.6151941690474161,0.44086184452127963,-26.837958678106133,0.023458040929594248,0.3901195855163728,0.05673584509626851,0.3314723895888317,0.31530932456427396,138.51300383249986,163419,51
0.5263021012350605,0.656760084571536,-4.834384142877934,0.01396680463332854,0.14652283416598802,0.02071336297430332,0.2608110487835464,0.6920298501824501,143.88482491143395,169729,49
0.912745566505895,0.9151728974893436,-9.869610584012706,0.022757193450381828,0.23358324898373145,0.09479687290453473,0.17805071004135198,0.5388775250251532,87.22572910692774,178571,33
0.5055451246906152,0.9126530332653432,-9.089275019871014,0.1465602249198292,0.5355852061194166,0.13680972940353828,0.38554973658628344,0.4576607023991296,159.21664742695367,184206,35
0.9024564049147406,0.677655269056241,-19.11051478788385,0.05542650325196402,0.5458906890817872,0.004719049578938357,0.16884289917779766,0.8361858860400382,107.24783558202554,111000,60
0.42042834161489423,0.5084738174350449,-3.6216133152897987,0.08333658886675276,0.29324689662939274,0.048215957225625695,0.34792688731789495,0.15440422040322918,104.97474698420271,267402,99
0.36866591819755967,0.41101998427476655,-8.238851992954276,0.002123298990329728,0.2606005376897788,0.005002477454234389,0.11722567117772556,0.47605856790390777,97.70863031648048,192647,15
0.7963640287068497,0.4932273180713976,-26.622286004124167,0.0035038033681934044,0.14618807443405762,0.08179583998957286,0.3394459747245808,0.4517003757387451,121.39780187466341,247724,78
0.4990256368274662,0.4124884566346764,-17.76665896781512,0.05902757497939404,0.38358291962866264,0.33821220609977837,0.11121526053258121,0.6604463502123741,169.5387562512234,201054,17
0.6970276314311248,0.8604120437073418,-3.4085891411957494,0.16963869815555796,0.037206287908734446,0.6081452659849839,0.35342082400142205,0.5896310800990647,81.50851452617779,218622,70
0.7723859171436421,0.4533758412788908,-28.58409894907863,0.2164902517156557,0.152659356786903,0.15202251820291815,0.4085921736346926,0.49596945283201654,68.57784341446063,178888,46
0.7912511232647501,0.4927088382817421,-1.157501410738515,0.009069805637095328,0.32909401726592674,0.026445738842353673,0.23498779556762123,0.706338584659163,126.71276314367722,218304,85
0.5221342488619407,0.8379561531950581,-9.625122950413116,0.07729766321930504,0.30340905103521687,0.35442893173046325,0.3194035884006327,0.24098127818956788,134.23347932313246,167725,31
0.6560237779357597,0.27236090391310586,-11.058720670698701,0.2444490723639544,0.26624277531706814,0.10892738022051503,0.37771986337299074,0.5128045062740251,121.31680524538046,218749,42
0.6634095988434457,0.69189749108243,-21.88322230536026,0.049097847850304834,0.23935286409338105,0.025040946281861466,0.41831172410260986,0.5278167201978371,134.8949868854083,307433,82
0.27337213484388256,0.4805586957577154,-22.53624633782469,0.17694061649017578,0.06726024683917943,0.3821322510042838,0.15185093328553192,0.7483644347547462,91.71847516524902,251236,39
0.6526044011954487,0.6084308778716006,-1.7382534153421358,0.01435189938218563,0.542114890098092,0.2124938926295967,0.1962422103715718,0.8552451549392879,96.37825569260613,237463,64
0.7596443039774424,0.8108358184369568,-21.05182637297632,0.2739455572571274,0.166930655302071,0.1973503761127345,0.4624299439503648,0.7362009069400567,123.09894831264741,140815,34
0.7713812758042067,0.42389094873039596,-6.734841098430019,0.1392003899683923,0.3125025751898585,0.1852579769901191,0.24329464625166658,0.4201108363860185,163.9517340182206,254035,68
0.729611736349589,0.44897010656103314,-18.206346053787627,0.28359016316428004,0.5754859263203815,0.03353526268917022,0.30640755306731704,0.3690273237895467,134.01701650225127,259867,49
0.6807647906727385,0.3152360838020135,-25.82237787645888,0.11289186219185965,0.42508896579516403,0.035549615913576915,0.17401667447897046,0.39891198081119267,135.18009974360612,236095,11
0.7640975048100204,0.7116896410182932,-29.678541069139232,0.04516199407153104,0.6034669008975111,0.17485374448863691,0.39337506959890434,0.3198986799962409,93.15808761081874,232856,75
0.5387367029979473,0.44386785033335785,-13.672279889542477,0.2783547309211879,0.1644219334624456,0.03721589608184476,0.19399300761382376,0.22894118519694284,130.56012707079805,211589,84
0.8774814683172133,0.8506391314407131,-0.7266354435320199,0.03223656902879484,0.2086997984846618,0.08661740009080308,0.08395381921397027,0.7280178720972267,90.44626877995506,258964,57
0.7750438929910759,0.4903721347471913,-18.925914185723865,0.040372540536152246,0.48071818860732274,0.2284902885768371,0.5721867582219227,0.7091681443645358,164.19393394900527,303820,82
0.5733735457451217,0.6756824551487417,-19.284229980208654,0.1206671168310167,0.25076845023001687,0.22983856077518056,0.2104150211739585,0.5108750520011324,94.70181726591566,239831,62
0.5739488717215495,0.31206032949786505,-19.677251464516736,0.14495166268767568,0.13701348082005577,0.09056777272245933,0.2578298960230783,0.4366185792412851,100.08798453754095,161696,72
0.6184061631107475,0.5986491447430565,-14.383684880854247,0.2650774482005805,0.6245064211462499,0.23566961718819113,0.07795792477946589,0.6561334705304976,83.17310892338465,166286,48
0.6963870393363948,0.6845445995778316,-16.780053497271194,0.02291646531416071,0.19181205542314084,0.27360068652948855,0.1867317150400999,0.45112208114087005,122.14540798890987,263574,35
0.7899595805584941,0.5242178523403196,-3.6025611981895658,0.15994778549907307,0.2992083215716564,0.15953416152440336,0.10004362679108322,0.4265631089530265,121.09479119657772,162184,53
0.8833101462855698,0.48291992548797047,-14.83437624829529,0.13414971234034584,0.26848915928564887,0.038898375497700734,0.23196226830544203,0.4413841645361006,157.8310270294178,232063,46
0.553347420320736,0.5453269751797596,-14.767264854342937,0.006592033540715677,0.3144923311622377,0.04803322360730472,0.34769889914212965,0.7298263037598643,139.41037296596076,199267,31
0.524801862547887,0.4073238406665878,-25.848852158383302,0.04897544243402848,0.16635921230399522,0.05671568665319508,0.22234001241679274,0.31843272295509256,100.23083216862375,155665,98
0.5052551373387527,0.6315377108122789,-0.5178137726884213,0.03323523748026486,0.03517978079936165,0.018631238165550904,0.3091603553810131,0.6732148487055062,141.8348884104321,269936,94
0.492965522908856,0.6024167041011897,-22.50081327393511,0.036311049971058565,0.3458810311827689,0.047857257884898315,0.22827078947192542,0.5735970485022001,88.9121081918977,262406,52
0.6959503561355449,0.15484505001503196,-27.79907797621192,0.4071422074678639,0.3484719423435887,0.03526709127138978,0.3281370797516299,0.8204887081077529,102.04117402923393,138661,31
0.560954915389289,0.6544179289867784,-10.105612530743736,0.1029396199839801,0.08214105244379034,0.09113593154724339,0.39535617721979344,0.38040843984612455,122.96148871848051,248886,61
0.5531889437848643,0.6155196582036143,-12.13900889529382,0.1264700490305277,0.21571526754008652,0.35861010039118657,0.08411330160339582,0.23988189606188834,91.70284053668504,240115,36
0.5711991277131359,0.676309270578024,-17.545630380217627,0.37557732722274645,0.08269297157896618,0.016552661632301985,0.21310066124467952,0.5532735482945031,146.61647126020355,270247,95
0.5325305025299689,0.5081444780946388,-17.334232983579657,0.04735327010328741,0.4167176195864318,0.1910884507720679,0.1887876156919967,0.2821878916031573,176.98282087120054,230006,100
0.4668313849568411,0.6671713892968342,-6.448082368607064,0.16186813438862044,0.08798265186203791,0.17436849973530258,0.24026395084940422,0.2650772124118405,112.63694772968408,305610,37
0.8827244694481342,0.3001243928241902,-24.128620797010527,0.057009973877911214,0.3530655050389947,0.015098107712360415,0.14173229977441515,0.7499710448741523,103.70782703271993,212400,29
0.5102847707822226,0.7875486249689285,-5.392400431653308,0.20366401070834078,0.38241656334813184,0.383761805424271,0.265872459242876,0.7842366320161002,116.76025973314886,203674,57
0.6858063921350406,0.6438214527546906,-10.537586583149455,0.019925314004922978,0.2537913909739236,0.12606350236688718,0.1707182410423076,0.4816452324991376,106.06569178719987,161512,31
0.5951964786630486,0.5186363813789836,-17.43090678661427,0.2950494641958388,0.6066784600310963,0.06781878573006284,0.2423382011497996,0.44981899169606643,126.54326095484709,163963,65
0.6643569769146082,0.48477097103824307,-16.259141502483942,0.024688786508351112,0.01929377387301047,0.21191952041911685,0.23358476192738786,0.46037093474505636,86.93988798242934,158530,50
0.8527254708437008,0.6277943832453511,-22.300583784417125,0.03948523832916688,0.4187109793560707,0.04463268358714282,0.1260685815109037,0.6705075776798338,127.96265996503436,233103,10
0.5235847597807596,0.6948408485146987,-7.436570019090755,0.1411375208901592,0.3403779918999732,0.1773854428333028,0.18784013118404908,0.38927424011478656,167.79808096424563,203854,58
0.4387202993741769,0.4468405819901833,-14.613757730841968,0.0500471317699037,0.4848744923943458,0.006078182147037183,0.3324741070025078,0.09466985852938536,69.94643616898622,239841,19
0.6186227262128573,0.7903600610290358,-20.374363717504693,0.09370328110715549,0.6146509543014494,0.2743332789153242,0.17693329971287852,0.3118056042732924,90.78381425149222,147445,36
0.4103256497489438,0.5945052825626835,-12.118496527171493,0.05880189938133619,0.28244542696617414,0.08917751791277236,0.2889840063004723,0.32339082151624654,108.87356640281867,168658,72
0.46408157612100265,0.5472562157062687,-0.12796643846030853,0.13562305877172878,0.23873026417379775,0.1518760254583084,0.2410534076005651,0.4087853206251656,133.54732051189765,167647,48
0.9355915982924294,0.28488211789522727,-16.942131610303385,0.025919990441900527,0.5366935287842728,0.03750743524576666,0.08302695994880317,0.651004122368961,142.2595523941262,350156,18
0.7341912618289059,0.8199569758299896,-2.3792579766414135,0.006023630865893053,0.16882476789617254,0.1695496791553177,0.09273551424292638,0.7525171825511845,140.2483623125209,210059,54
0.48028300304750277,0.5715820817570706,-19.649494802263018,0.03565740882720736,0.42193636570761517,0.22191960710196104,0.11967539246047935,0.32991926155667467,77.70745443512513,216018,39
0.8031291611221987,0.5967201860981327,-28.358018792250423,0.06430410538271562,0.32649520209421784,0.09614390122157833,0.12323667727557779,0.48851187724283207,103.14135433509252,215352,6
0.4814040245592172,0.54452869286488,-23.872736808947135,0.018394693964449017,0.5665498107719812,0.14424301009323004,0.5968362958078767,0.7093808228124252,97.4920772970479,313169,4
0.7291001503912706,0.2868120111904657,-17.439145700169473,0.04381907319593559,0.07146472311698869,0.09141080045199389,0.2996304836458795,0.34862149140506415,118.3700278912544,123199,41
0.6146458517485642,0.7439499352508415,-23.41095214216293,0.05107973213224562,0.06151737848121612,0.33677677960710134,0.21324844282743927,0.737624037343246,120.45700214397053,216406,87
0.7550997810253357,0.60224899081215,-29.993188853452335,0.005910461153638691,0.2076698374564722,0.10333418949821675,0.21887936574578132,0.29629064825294504,85.76932216323557,122637,47
0.7406718849549436,0.4456001022691388,-2.5499538675741826,0.0875406134955562,0.27820649078075316,0.27659254138724987,0.1881566337948461,0.4891709948481209,109.01114112285599,77211,6
0.6437932440094973,0.5916577933283699,-4.68361766307213,0.2157130065038925,0.38762730112288585,0.24243317370977366,0.34510175940354304,0.4784896256490276,134.5129636398926,175945,10
0.5135309759741618,0.47163126411625267,-7.731233055391586,0.016457152044913624,0.13732166561977882,0.07927331066192117,0.16594341899618112,0.6226597687424873,104.29172913526122,244729,72
0.45050954010227706,0.5827803125841423,-24.96556213061914,0.09108257257642823,0.04255493968319861,0.03922117497602735,0.21465026526616204,0.281205736146489,114.99416661524933,172133,48
0.6663338148151057,0.6807023773973316,-26.389092713700418,0.10928465572219721,0.7027228461514909,0.07815213592235347,0.3194275492836664,0.7015928350674469,162.422245489516,243745,29
0.30278835065518184,0.46405899127773925,-27.971857515828507,0.05435807301359346,0.20317663544645967,0.2624925070260695,0.21667722449791627,0.55707892920169,169.75073783797936,226388,40
0.6149080595317775,0.5726626458686804,-8.279124336812364,0.12076381380094313,0.46368862189199295,0.03874422785000269,0.10771295854830373,0.6288912423835024,65.96597268436604,211656,2
0.6253124408942445,0.8075078785277331,-2.135761179363441,0.05288734156216517,0.12020468764069953,0.11148818072237111,0.4780766159269668,0.43347779853365703,122.84743929996199,295897,85
0.6123577876110964,0.466950352523079,-17.08392537260889,0.07024650331840619,0.22828599728377968,0.24605939177100306,0.24857753081418898,0.5047125571627721,192.92581928021642,184237,39
0.623830437198054,0.4136132465895303,-26.425779840118555,0.0007380211441347014,0.08954028761679939,0.06542208601826391,0.3301321703329171,0.6502031286878556,131.9711716958144,242839,50
0.6032550808871232,0.5152105194229687,-14.628215378036803,0.11767471883030112,0.6489173234820785,0.15417120634787232,0.30539811910847425,0.6391350996430806,120.4622514736789,111814,83
0.41379043254598824,0.29435809522480366,-19.535042776241095,0.10827665352018029,0.18626639539481832,0.042281160259766845,0.35716241120373876,0.493155223922493,152.8172044612412,225926,31
0.6648128243692231,0.8484282414757766,-18.75525226950007,0.003915762756261736,0.06984079086096595,0.017358679780354512,0.12904652253304433,0.3132626614856493,125.45232016154165,204567,47
0.5805617822789884,0.38504237239677447,-11.360081275328781,0.04592617027101013,0.5452485679678548,0.23726190332135563,0.11579020573379543,0.38702264090350424,137.72842863778342,149065,70
0.7168536163050664,0.861008600956504,-8.438456602133929,0.3864750220070523,0.20766620943513778,0.0156322796691708,0.48049794273840124,0.6386272411787651,114.74238762519893,243909,70
0.6480549564480623,0.3261628290797049,-26.681892033805173,0.05459979179561858,0.5846635252330284,0.04749072893546899,0.29098671814832533,0.4316789032112261,125.08775901037292,175662,19
0.6705096503886613,0.5855301782091069,-28.93229307580571,0.06970455797169077,0.34274645549898514,0.2897664683859876,0.05367983929760063,0.257539668608545,130.665767251055,323931,88
0.554640973045106,0.6233638040441324,-0.1700909194285538,0.24071698891524834,0.2874598806858756,0.0638048624156885,0.26796417494788627,0.6148312864841669,141.63896914184963,73971,34
0.5633160257753136,0.6319852218985013,-23.018149532533446,0.12632341661615545,0.4203342219883424,0.5420399155113702,0.12455418542280258,0.5872121966663133,109.20698294776452,234895,23
0.8962983081453252,0.7072970965208358,-28.38508425274623,0.08724416383427991,0.15739539363225663,0.5848240789624298,0.16686406758163988,0.4201672345761631,108.52752280522805,222561,39
0.923282266483275,0.5603057875801856,-24.3037401271224,0.15985211246967782,0.1947627208764054,0.046852786988193854,0.2637937255207819,0.22920570517450364,71.81293931164765,203148,76
0.8335382317137848,0.5144611058712494,-28.831264609546075,0.19977971619660018,0.3006972383626088,0.006276224331774602,0.15895269308474963,0.895678637048006,110.3212236037544,188245,51
0.6614509343669793,0.6832410849705941,-18.24567316148485,0.061043985089264834,0.41727790375865326,0.1831491702578562,0.41437986041879915,0.5137897328665031,143.82588412744394,224117,38
0.6095908238191967,0.6688287489021435,-5.927946466460272,0.06445634470898363,0.27909865689419444,0.08994483786522416,0.1091600648861411,0.5752204353886754,131.58061140000336,283731,67
0.38643091701154986,0.5448412133655948,-19.76266650726838,0.048784331136380456,0.044377672256745285,0.015929603850297246,0.3135569308362245,0.4765621933099806,95.08120243985586,119668,60
0.6949612355216357,0.7658368174558516,-16.674497793649003,0.3402382283935487,0.3086928661865369,0.1844052943430387,0.24395758205751367,0.33453216326051965,72.403438121895,171640,75
0.5145450561664119,0.5691891289348305,-9.732396792976836,0.11945713180879819,0.21988137682584608,0.004750678221567031,0.11499079706281783,0.5806097446777762,116.43948162281087,156980,80
0.3767416731340178,0.5679836445745966,-14.733177897903595,0.008689109281468552,0.2779642391875149,0.3062602467088629,0.3842503836080751,0.25907275354708115,143.09444631609944,154162,64
0.6497523835891986,0.6928891574107557,-4.156629419360273,0.19874796762325903,0.24802811702810665,0.022388593397146436,0.26619385326460054,0.5665614905846091,108.0275417047546,240564,61
0.9165868982542696,0.7542676712243945,-4.018929748627304,0.06550038568828441,0.2439313657508924,0.020426555459223502,0.09361741554265003,0.8143743089068332,83.87693739635503,255360,80
0.40093111252782876,0.46589039553708483,-29.70267913526539,0.0071231704113259965,0.28669068665997793,0.028978069723941915,0.3082224136683156,0.5194208991664208,105.26232069238463,283906,1
0.6464138981482793,0.4363827253429888,-6.658610805504025,0.07978795716699966,0.45677590314148764,0.4838335585465387,0.15942545080640014,0.35823901092974914,128.15397159789407,256305,5
0.6205718909488317,0.7180245883544103,-16.177991992749785,0.05398499144592433,0.11575628162141428,0.17721890185216313,0.45084407432099255,0.28372203310041183,151.06093216314227,261168,74
0.6734230562519886,0.7341660385020983,-0.3347837608901083,0.21016822824396178,0.21332273652689307,0.24244788175165322,0.35207366313012495,0.4287324430659448,113.58262429689029,135291,42
0.7347730271269816,0.7247896897742173,-15.503037723736945,0.02281493137755422,0.10900919371050445,0.07603375221429116,0.24421259614040808,0.46476941545374867,146.37231031379366,309013,81
0.49583577357995523,0.4044367563494257,-0.39312163835107494,0.17513737205241442,0.20700143984835262,0.06149163234111066,0.2470513663986632,0.7766915233380058,143.6010537037271,207414,39
0.5588659366850584,0.5945292701293462,-7.362919163827902,0.08157413262354239,0.27856890114410343,0.040080775738813315,0.43195552873152143,0.570988972237125,90.58337106536283,281979,88
0.7067161925053465,0.2702396657346245,-22.54185346160081,0.005615805894076392,0.1169248202694525,0.09827601792945774,0.19184411388145506,0.6215551499194335,151.26770295672878,137429,38
0.48219853371620075,0.37893581241786556,-13.84815062139127,0.35700410227119644,0.31549142985616624,0.12038697426051714,0.0735072361015002,0.35119704059972867,127.37781917692855,205514,27
0.4435366757583785,0.759945676078669,-0.23593081564251772,0.07187014146510949,0.3162212044643837,0.14985910350143725,0.26622976408106247,0.4708963979034786,89.83292365639453,276580,79
0.6478866278916383,0.8628245287843206,-4.274081767442289,0.03437260781550874,0.13422725697303833,0.04458281113899068,0.29635217716405987,0.6160340648017086,164.02078349844334,221675,62
0.5885910610740185,0.6781815182410575,-27.078993186263368,0.06337597321774265,0.22304193248192525,0.4453754727109756,0.15910777082582175,0.13389736273599265,116.86061030174791,174761,63
0.6254623623777649,0.5772351138939624,-8.808840095700118,0.19509271980472287,0.0438557121826687,0.02790579817475942,0.20151490470162148,0.1731531516059229,71.41392119222706,298588,11
0.8025342301684366,0.4674052174815941,-19.632612423875607,0.03637040537571317,0.1366266134402893,0.5056868532965593,0.23510983970531824,0.1521713024374061,102.34334130239726,149715,40
0.7380132995158364,0.3157469849208342,-29.790532143589555,0.021403069541003957,0.1935168773138802,0.0022451369935072548,0.0769083491007363,0.413206270701516,96.18864395711934,218774,28
0.5827018796583272,0.8671179185186343,-17.89557092919001,0.013819510447751522,0.1753686069103065,0.09841404088670708,0.4089147829664525,0.6834080899762889,102.9565016471283,258410,22
0.6432058788866488,0.7378411905470716,-22.957367348250862,0.03536216078176968,0.05910023636451087,0.0608275299933686,0.22750056405963182,0.3120480599774663,108.87036469604382,345741,84
0.4325108519242629,0.42948806427300795,-5.433921884385854,0.1514346333976052,0.10248072450369504,0.08943667149622024,0.48523990731012273,0.30877598464602324,113.56526834287673,192498,79
0.3402007410457847,0.6330113973031758,-19.880081734627034,0.06379516038605493,0.22215603808345902,0.12682751975630768,0.39409470445776323,0.4065123705817161,112.6249322870716,203412,50
0.6201106383823115,0.33412070381102593,-5.174289181385488,0.025809945650484008,0.5000285008772033,0.08579592741453047,0.23225934007866655,0.4328315936915585,117.56286935057354,193318,44
0.7100332901223385,0.5940929296672154,-29.98206183495614,0.018174372330358523,0.4009126906691318,0.08038225074842932,0.13915654412957681,0.40794560607674263,134.68483466043887,234308,89
0.7942977517158838,0.720148227844476,-20.765425499216427,0.040455973284963045,0.2714066205793128,0.19792068891372572,0.26685879593202516,0.30050118819973404,101.33909101931796,255275,100
0.8078280417448338,0.5551371160371288,-22.76504357076714,0.2812151058557807,0.36171810344678385,0.17369525134434408,0.3820805369197995,0.270066452067561,149.52501327509864,285598,21
0.8077802576000056,0.619186526997722,-22.99297916794167,0.0420111919756408,0.5252706323941251,0.2687080846098732,0.11783707373003247,0.8782786276419218,89.37041253570814,265362,9
0.7529444062181246,0.4151881864958768,-27.95440140703612,0.44332421177423154,0.09372930398294126,0.04314410733999657,0.1110958874300389,0.19420366876106845,135.37797139563563,190157,6
0.550484868761366,0.8237005984688612,-24.38627188768495,0.06640359653935747,0.5416592873103925,0.14106004810510556,0.3811434449618119,0.6076556013859388,161.08178319214835,268802,72
0.5291791163416089,0.7482529718626669,-13.333512903431403,0.019743184633364996,0.3759627633583411,0.13199193469932968,0.298603433553332,0.817868527012712,115.56608628400227,225492,88
0.7755233396878853,0.5480787300280846,-21.259167814867666,0.22176934692017683,0.4574049041565562,0.06924290594319875,0.2747275098735123,0.7033004507632883,124.83663427470597,264715,14
0.6528008941624271,0.5228362268581239,-17.47815653012556,0.06168444544634482,0.10113053816123035,0.099846595353114,0.19725082752442813,0.2649617270218645,95.8006902406132,268142,76
0.7681209121394783,0.8107670379056507,-18.693993589584345,0.12367416994390526,0.1982753755768706,0.05648401894748264,0.36629069760991556,0.7705369440643473,107.20545689687432,317807,45
0.6728949619604907,0.6527298939402725,-3.7228522500031627,0.4117301050112322,0.4417852325659172,0.022945476176730383,0.14592457619730156,0.22100793597659094,159.19196343036634,198724,89
0.5747198175124535,0.5619810115457013,-2.8410300296845357,0.0051477890708586235,0.2546060207547748,0.03608184088306619,0.13711611022182085,0.3761080637070416,138.71205735959106,187266,84
0.6551685979632752,0.33139995690634594,-15.211290850324199,0.010169453224685198,0.23121024686283925,0.016725844807234137,0.1282906596084855,0.47415341888457485,130.46360800234933,246829,86
0.503910696486324,0.513544376005034,-20.095321490531866,0.1274598227209873,0.5268198911496275,0.1723609513933749,0.15440808028681005,0.27518262828676443,71.5506363195863,290951,60
0.8447888540494886,0.7857511341856902,-26.79597887992909,0.033104201163002146,0.23330830747946868,0.16214270169549988,0.19952895931796055,0.505159526757359,102.08817747333539,223483,91
0.5509261251755901,0.24187651241152344,-1.39791361853715,0.020371035125534398,0.31115695134245586,0.4511900763684696,0.6788892994071478,0.3447513111510118,163.4747952581713,294862,60
0.6944357176579132,0.26405031306368537,-28.193191652991075,0.004015750682000012,0.524666091044456,0.1962214452251857,0.26486805340093594,0.8439002759025584,130.27079907810378,261403,50
0.5462698089965798,0.48948885229041383,-21.070491672951587,0.0022088885018728623,0.559748196328072,0.00801736965216706,0.3003879486849913,0.49103366360554107,133.38988492110119,207927,37
0.835886416354847,0.5120552737250664,-21.058013964899875,0.14893712778192283,0.13000533513897375,0.32344213394499577,0.15047290083049497,0.6926215701180358,124.26387884865264,253800,11
0.3574647951744291,0.789211187516327,-20.38796141579355,0.014437098920670433,0.2266906582078569,0.2978109129486241,0.3013189774486921,0.8394329776082823,104.67526277666136,193910,87
0.4780807152934378,0.49760458380699624,-25.07139470182772,0.0630586769538705,0.39422686523611117,0.08786479299828442,0.19357856225406045,0.5620703642944331,128.31353976141108,234316,76
0.7251749698096213,0.6518693031014031,-6.5051570722890855,0.09311425135641063,0.5965756479476296,0.13223378460471338,0.18291948856726314,0.8378903066924575,81.74464635443725,155610,65
0.6384961973808593,0.6714548516972632,-26.325064141020324,0.055923151277406186,0.1326139166973097,0.5599455959463275,0.435983778918057,0.6570094014850517,79.86363252402305,215910,53
0.5100306180396666,0.6662311856279918,-10.952800225405117,0.0027480814660305226,0.40259383540597493,0.11399063171051582,0.29054636798526035,0.6232018490765574,101.61813201556112,279981,38
0.7211028418557909,0.739466180809999,-26.284619198825474,0.1530171671923533,0.23855608755377553,0.3535907708452313,0.1656116408513869,0.49282192172685874,124.80410590083163,266028,75
0.6008720118657619,0.6789864521481921,-27.8839308722113,0.001056887890164542,0.5207941326840836,0.013003511024544825,0.2833262787178593,0.22049712153734433,80.75817187428817,257250,38
0.5638928863448756,0.3238479445373462,-2.717114889423705,0.1435022083624277,0.14495928591700535,0.031803071786357294,0.47571542833749425,0.446351712718511,123.1760673003725,237248,77
0.5522377237968251,0.532506322545362,-24.29613701043883,0.2237776237663706,0.5300851166238832,0.08717512770948695,0.4975767007760926,0.2961943807275147,95.13601884171321,229590,29
0.7815548422333898,0.8210884592361629,-5.362495363208871,0.056711368892309405,0.3911389771858987,0.1318336389567365,0.26702128824506893,0.7074193345683486,98.50436323030263,143976,47
0.703134288017004,0.7681466239461793,-13.661073866785925,0.07668851632250165,0.21296874618134354,0.25410879211092613,0.38673525262189723,0.33577783306657866,152.48971194163016,207634,82
0.7173655849945413,0.553843298037769,-27.66430441173691,0.06481420613442204,0.0688574819054234,0.6667400469498621,0.3399951346142109,0.5298884775575623,120.93235199551654,230956,30
0.6382556995785449,0.7672310853609867,-1.3365542568579758,0.04929998161226719,0.3495093655024614,0.07386229490728032,0.2250043178858518,0.6369333869447539,97.40486553911128,152535,24
0.6410816699809521,0.4838763115477285,-22.591164990243225,0.21841314855133032,0.2538970213381382,0.007286490738288102,0.16466467924166328,0.31178922535041514,124.67083681902379,114894,67
0.4743825211705832,0.6352323397273507,-4.210639639421805,0.22436891236837578,0.049966501551172604,0.24229689771712323,0.3048536625551958,0.48832899701966226,83.25954239984274,287729,50
0.8292246862281315,0.5043525524252608,-24.935699826463075,0.040919660846637264,0.5390471040258038,0.13909544130085608,0.24505327228729634,0.3927541058432666,129.55825819499717,223050,12
0.5044109524889414,0.7764932124061535,-4.381713535744414,0.09546931403682533,0.21800874720101784,0.033198567252757556,0.29233072118758996,0.5012089785774556,147.68295466289834,232598,99
0.8556431442608731,0.5702919407987251,-29.60313561284118,0.26160303669054813,0.5118208698936791,0.10242858262946117,0.1806596539953445,0.8469013718993184,136.5432183755399,253337,62
0.6375271323002804,0.6387080023841382,-14.64658630291558,0.32717097512450294,0.36383550059999703,0.20339983795724476,0.3147409906057807,0.2833496280103914,173.94285761094918,161069,41
0.7251457643204955,0.33224960201483006,-6.916722617353296,0.07112277339379046,0.5445112071782319,0.22072019298922807,0.1489326173158097,0.25519645211163383,71.54022346844462,195790,53
0.5591267955909486,0.7628637194330788,-1.9561344752165,0.06029862449957474,0.021424560859513435,0.10385764434422878,0.1191891828275016,0.3586836206245858,123.17422700199468,310244,100
0.29755526756012374,0.4958410165994229,-2.7239359138053887,0.03266922591881926,0.30393615862501594,0.054622823626818924,0.41337296499993376,0.09030781000200039,86.412481754387,190680,66
0.6098762865763594,0.5395782166778905,-5.411253913570652,0.3191063040942742,0.6520465348706163,0.545971011128323,0.25772034946580197,0.6760997640616941,115.66946421620587,204048,79
0.5307473779674877,0.6692940881996337,-3.3542595101608774,0.01541007029611346,0.14106139002088292,0.1633123387250356,0.12421178167945426,0.33277708089269153,120.03859921030632,179830,89
0.5606357548180543,0.7965002175828947,-24.023409424887706,0.08670948786926994,0.2987765014304245,0.07869749095776604,0.21744727638564088,0.19054702890568856,176.99613707436285,175548,55
0.3295386227000374,0.582549747701771,-21.474471128648137,0.033205239306205246,0.09442851918802522,0.04937214614584042,0.2430933677883329,0.2927204210706522,118.5055722401917,286328,18
0.7440996690417648,0.5014799980332026,-21.330944252368244,0.03271276401652322,0.6359035595895273,0.19701402136880206,0.3279780764735944,0.42572220303064934,118.03924449288377,71399,45
0.8590520420212637,0.5819626191008787,-18.688382069949036,0.0519141080504345,0.21821606088093293,0.04159709029293596,0.37314361865965257,0.6621123472957471,145.12897766725223,192579,14
0.9161239478963343,0.6918114344707369,-18.20037988844434,0.6719564161523772,0.31548241620622397,0.028258789658864577,0.2651032024572883,0.659243272814383,118.67945651181056,233524,31
0.6577114574508417,0.7264167057916783,-13.663340260359735,0.005653469798623354,0.2607079261211888,0.11320038284679432,0.1552702252701849,0.26020683779767617,165.77867688136578,321807,48
0.5260300757263882,0.7052681570018561,-25.20360709900676,0.08640347192819105,0.4224273898295277,0.05137088283977848,0.11398738375674845,0.36170895926033475,136.74211223291263,151886,20
0.7969400939449361,0.48639379955891016,-9.26260008642032,0.008618134850617397,0.17082926524558278,0.14869463624901114,0.2418793873772877,0.6440510393992539,140.7125769955004,141659,64
0.6080506789858641,0.7656379962805809,-24.973003820864804,0.016785174724564294,0.2565863199801682,0.0188240543657051,0.31469362005287593,0.6416680611407636,73.31090158903109,168393,69
0.7094404388765014,0.6974579402722986,-20.690745536863574,0.057903833853452616,0.2651574433650202,0.1596060247681863,0.19012719664760364,0.4355585031262948,169.6303204709138,262102,26
0.5580419927178548,0.6623336324020531,-14.899646081815378,0.071428937261925,0.06069065270309632,0.04996396373474265,0.16077955578237904,0.5553578741379427,103.58852699244845,227517,22
0.4878060591339592,0.6654931068861242,-6.10678315429568,0.029947454226575406,0.03981419539660806,3.644459217936554e-05,0.18021868441391625,0.5260433461500662,119.75674581229141,133441,46
0.6519109764847778,0.666678273618396,-7.815923002838182,0.03804659047767808,0.3354249355384948,0.020361972219794213,0.16564018538985986,0.4335504177104253,103.68240237161632,225973,94
0.733406540381193,0.6818939135075718,-10.633969307684332,0.009098327664737926,0.04610898882254193,0.40684347648356656,0.2628267308553758,0.7395422486884001,94.39371723430315,313086,11
0.6415378321535551,0.6376858288954812,-25.326802182594896,0.03612852462755196,0.22876947246039814,0.30301142574145523,0.2277407542900503,0.8638890294781572,89.9457908206415,235868,84
0.7302984243517431,0.3295984865314568,-13.588639631532669,0.3397955822612509,0.1277417962707741,0.03990942561163451,0.11897152869281756,0.63000862336424,122.58104146747714,229873,65
0.7600234262593915,0.3072045626909046,-27.376604946003436,0.2895115863495324,0.2880155464028137,0.22601318214052227,0.40442898604597055,0.32917168905029076,70.75258016398504,233484,4
0.635018489919775,0.7089680447332891,-18.679104696100477,0.040778523272243156,0.41482868396751027,0.1406928973759313,0.3266652490701946,0.4561344778392395,113.92994281720124,244870,8
0.7624256807507549,0.32495966728326425,-17.594504091301225,0.08459579431278558,0.412519320532224,0.5305768535109893,0.19418751077648666,0.33952748100682817,146.44421618255595,143973,19
0.7335260461478037,0.5199829309977584,-28.805656816627383,0.2403460029597596,0.32382135747885105,0.07016627540436274,0.21739749027562416,0.3664254763771659,135.7985559435546,206084,81
0.6235253600772481,0.6877306000918227,-21.780357015900844,0.0006203021661939663,0.31353705931765424,0.17160137190745403,0.12860985127630523,0.601579289960741,130.81088469140153,209214,62
0.8438701143517494,0.7123567428173704,-1.3305159820053192,0.16643354328668572,0.4400307639755862,0.00984658536479168,0.20739537783328055,0.5621259595020426,97.61538644521103,190991,85
0.37550864008962315,0.6317915550295488,-1.3910217651093149,0.2963643718282635,0.3212658186958191,0.07568860192770335,0.062248595629730154,0.7676898753223029,80.34762019202721,261167,71
0.5201499238995605,0.5795042670866425,-19.43018837242382,0.009576859262634185,0.18063380661030148,0.49787762359923,0.201306794870949,0.7723771343824803,146.04485297553987,181960,97
0.7398463413696478,0.4606827015734367,-28.706996731550277,0.017607830972219598,0.04570184569445863,0.11614736246295602,0.3064454492510163,0.7977900422091443,108.77600460149566,198401,72
0.8820703099199982,0.9286083557810095,-24.627151820154552,0.32377096422818274,0.48569234685371127,0.050926221749976734,0.20755078898110318,0.37986132459807187,117.92303897590291,144389,70
0.6060618575055081,0.6531571101348864,-18.233466196993795,0.07711955228569482,0.6518362739185918,0.01922119973562918,0.20695931594155176,0.6238276861679741,115.06013578194103,242698,29
0.6512373149824038,0.855571417577582,-1.5666090609231065,0.0014298370709509135,0.19314955151795596,0.18237054712686165,0.3529315037956206,0.6922302225188287,136.80982424702188,276514,81
0.4759994129826313,0.802965673428049,-25.764028093884452,0.029791020022182577,0.20605113739292036,0.1552848090358075,0.29051795587978807,0.7336562506135569,166.08290115314898,198338,90
0.9709722924896629,0.5954011588329128,-7.094524689953633,0.059773459557895425,0.04119536324293344,0.07024605166240083,0.15615791756336256,0.6077023587928362,156.55935378558573,268443,15
0.7623163052491169,0.707354064736542,-26.73952381875924,0.11806108686439715,0.2056788360416841,0.4522108193833282,0.3188129504423934,0.39005334764521987,61.694037120091934,211182,84
0.32149299077833676,0.2029423003989191,-0.5622726782616949,0.1321107468233715,0.2510978723204845,0.0033679508543609025,0.22277639785093817,0.641945380428517,112.28652571777403,68353,4
0.564403329848316,0.9718966803194298,-18.551505026725952,0.538638666849705,0.13708514515114265,0.054301339866194,0.4853650208027092,0.4395024870238701,86.33141203703653,216909,28
0.8184608571243285,0.7565911752646223,-6.74296383302832,0.03389910853962133,0.1302740052424783,0.3808781080468814,0.23356970938568256,0.692222225098751,143.46072143950462,209465,46
0.5024767863586734,0.6128399847842556,-19.722267515666047,0.07726669123908865,0.27226555093312327,0.058055860870059664,0.13143334050246538,0.48060843150414506,120.09958704060209,226179,100
0.6492171918570957,0.6796419679174865,-11.169933685235739,0.07621190833944656,0.2461114000692543,0.043603555698352635,0.16176423404362883,0.2465570009220255,135.15379678838403,235191,21
0.34224109554670207,0.5021141384810094,-24.239517457798897,0.0520278931558436,0.1412021092298885,0.1146064109149747,0.19008871223924106,0.6852713094699697,110.1468882360552,178964,77
0.7025459361634281,0.5267605650984433,-25.619369421091125,0.018532032120778898,0.4861145992171175,0.26042182454609575,0.369952726504489,0.3116727120119336,94.0157098517255,308278,56
0.6339423752399432,0.7495060774491538,-1.8580758129560615,0.37923113056780694,0.014780399990921693,0.01632945649931485,0.18681133078483808,0.87377828441679,98.29298170500098,216030,82
0.7172304459825758,0.7408446318505906,-2.470581662866996,0.1919482755887859,0.4539745004458398,0.42976011064275804,0.1234113337131943,0.4502554797626832,81.67468331855673,208020,34
0.6794727859564456,0.5882600732065504,-3.375931793613529,0.0689818782416101,0.14232334105250088,0.23776513215181766,0.15513675219269651,0.5520057088076532,88.40914826246075,264671,87
0.8152252878391602,0.484648353107575,-11.236996495002195,0.09244373826138894,0.2414851680834714,0.02999652062351355,0.574738750264633,0.6491598402927063,83.14267361228673,221112,59
0.8518240951688439,0.6618379738557333,-5.751953663511653,0.025781400225812767,0.3340622499196561,0.1867233663416165,0.2624876067005714,0.3462625234390357,94.10743305467221,373950,69
0.32444638693465,0.5711160455514757,-27.928891892658754,0.07847956275601019,0.2810880917112684,0.07290988436481,0.18501445126700372,0.2444395721939731,92.69304589922042,207405,59
0.6566483522404624,0.8018400019821811,-19.956328743279627,0.11873455829771036,0.20612937316352536,0.07719861287801225,0.24876228159074448,0.5825424072218354,129.8523276257055,241108,57
0.8236700621541615,0.4111053537921237,-20.588906257285313,0.07239508357859228,0.18514483032691872,0.22937934769703988,0.19515498148386035,0.614066683125703,128.87154111637494,175050,2
0.5941704281623281,0.4245218956739476,-10.930640341421602,0.46341017552303376,0.2459328891129591,0.49365573201837526,0.12709463671105123,0.21305473560798152,129.82510517145465,272232,33
0.8842855614696361,0.5062805798082702,-19.321266795880785,0.09450546149855406,0.4382524363063503,0.020313841745430904,0.3423308283322433,0.4597700822065645,149.37488405628952,238523,44
0.5829560238021718,0.40085323994419386,-25.544796550689576,0.04635822307736845,0.3490695177338801,0.08187215723166176,0.19419388712025482,0.3968144970887103,118.04155271559712,199661,49
0.7233279425128772,0.07256097465832763,-12.105987737593688,0.14790766602183064,0.11797091530700017,0.09836083404551554,0.4136251967733219,0.5528495760239858,100.4796350729272,167653,1
0.8733079075553989,0.7933286967030038,-5.568482379927556,0.018688697637845187,0.5547513375151625,0.0708157113249511,0.2313679318038947,0.7919883021468375,175.28508939825505,141434,14
0.4197300589855599,0.6200410016581145,-18.536295166200805,0.04853460261430334,0.07677377226121533,0.06769238475096948,0.1930416943467222,0.531298859012253,142.6411475825949,245122,36
0.6151197796131554,0.504876515991508,-26.03193854704555,0.04261152885537697,0.4839746396768906,0.008052633224194274,0.3976395294943215,0.6914066708918952,123.80799483011394,136787,14
0.8567993330963999,0.377602270898935,-24.09935408061531,0.05652942966301169,0.36769343785541203,0.17353410153949794,0.22447118746310152,0.3696292002508103,122.07186134980827,298508,59
0.7672157817802682,0.8159734792872968,-22.87550084491848,0.15222507530684268,0.08133912099374861,0.08596219079497669,0.1412012301841536,0.21651228984165288,127.2413380225075,144229,95
0.6625936718525327,0.44288964037994033,-21.003072210163914,0.06619839033874896,0.45553429315943345,0.03249853328690433,0.3397278865987072,0.475915977136699,114.94746799114456,209297,84
0.7664914062755931,0.5143879072436691,-10.716147884810725,0.15799492595751158,0.3740042746314323,0.2539502423519919,0.2385880798985393,0.6662145562498515,123.20561353759557,167107,63
0.743348452598607,0.5007489930057631,-11.971635463868429,0.0859175562493918,0.34039059318099796,0.24334864912994542,0.45007757687856936,0.5142609077003845,132.4844915153949,221961,80
0.6928615932693819,0.6322004988322435,-9.117604152988825,0.04186558770205241,0.1467751624799286,0.09994413394338951,0.25281491501441405,0.34501823547305976,101.83659465086139,221590,97
0.6735761878224086,0.39121994673244176,-19.124940464054603,0.16606193377290862,0.26731000106425495,0.05316960728289178,0.1874902864872776,0.07751660919669362,79.14710370407414,246688,95
0.5903874836580882,0.7799981071327998,-5.280070443600651,0.0272188940651747,0.16045474274024674,0.15245508728655127,0.09116413932755597,0.4184488320121457,68.1089308027596,128423,51
0.6960989431857723,0.5400846299850489,-23.877370165327193,0.025409641129510392,0.30505491860505535,0.05098365963695053,0.22774564163696742,0.21021037373363063,142.19747047334286,174177,22
0.8925161194133444,0.8476569920336181,-15.928777574455381,0.07021938264501641,0.10389755243693717,0.040379680481152175,0.3990000214031629,0.754575199763364,80.42689593206367,278232,98
0.5516193018444783,0.524058981623547,-5.971838353757091,0.030225338149362374,0.5856177790771252,0.19668618974658417,0.20324251317019743,0.7998289642246161,131.63359984894691,259513,36
0.8265871439115089,0.7082832123905816,-24.595240568021424,0.0009128573888656558,0.28277292831949336,0.006174126494851361,0.27366752333056027,0.6327065253058813,91.14110262379666,70031,40
0.36702897307030136,0.36236420068560543,-26.70410658777651,0.10449697088155181,0.21349160042160203,0.014934680233646244,0.2876030784377769,0.4031810614272108,91.54385134850175,242633,100
0.48114965475896004,0.7895060793193557,-3.489480969360308,0.07155846718672419,0.3559589768372399,0.0010216977713078568,0.2654212925353637,0.6665572482244246,102.04503098735596,158052,56
0.5744886781892079,0.8733273182850051,-19.712110117224125,0.058972059983703834,0.5734595733853664,0.02489812655991819,0.21362320047357547,0.7743106838110586,124.85330380014109,184490,96
0.6574249500713492,0.08496053959104198,-9.483896252729041,0.3410294069906828,0.1639735907199302,0.010722790497017949,0.2776114359857768,0.39775366998594147,87.7852072905602,206360,24
0.5933373464978957,0.8188261036258961,-29.239541872081844,0.08467627661557925,0.41380820189462775,0.820985200468063,0.1705797112818804,0.35075092102217337,104.57668824264702,313443,36
0.4351671097662773,0.49849176577823495,-9.298593347716512,0.1990929528330529,0.2933154218576188,0.051122342006449314,0.22305204704813814,0.423383622358196,119.35702319548608,157438,39
0.2801189903991647,0.9353370511145971,-20.516960653590885,0.01501838337478074,0.24207956740808184,0.024248720777859445,0.13158122960261986,0.4368769261172293,89.74345522882653,135766,84
0.6448000658733354,0.47937374773153973,-28.327774392376746,0.08421263364341425,0.027126752195815746,0.04136228571330063,0.470976542195825,0.34590718384432456,155.7058553618673,247019,45
0.661777745017396,0.7684519684255233,-11.705617153556489,0.20247990253577083,0.3306799193500325,0.41262542674335867,0.17811342543453673,0.5352924572611915,76.93655643515496,218318,59
0.7813675649726471,0.6436243185533963,-22.775885517804802,0.0874922703929043,0.40271808547001314,0.11014545431559501,0.371146834925694,0.5000154651816198,114.54577043872926,292420,97
0.3310494716437483,0.4492341933457193,-18.3957827384436,0.12658984863540612,0.4902794232319586,0.0680765787907025,0.31624183479501766,0.5746190093273588,151.81351581463753,198829,18
0.4877880012065192,0.7545408559427533,-27.58257563140459,0.046528449041767506,0.40974083550542234,0.3099982947715994,0.4111045614999986,0.5513874967263681,86.8883359027347,292649,90
0.7258767362787129,0.2716040121575706,-25.58510246715164,0.009700608578105193,0.23165967049274275,0.07537661090152033,0.13579452758817268,0.4118353435518958,117.25935373780712,220976,8
0.7480657029265199,0.6634188352585166,-21.06068293512469,0.061230533713043926,0.13816533619505017,0.061197168834562915,0.23810594005229746,0.4671388228136224,123.3214670666812,251746,68
0.859643365335806,0.5404351757332425,-27.307214983195287,0.05016666799684821,0.031426297406720205,0.03484325870718634,0.2805451021110275,0.651381632536529,99.83073869993702,317436,4
0.3177631854510508,0.7572931925800975,-2.6752120594105433,0.20178587522588207,0.42131836858830984,0.07117328848770275,0.21856285479805182,0.3646267745030492,118.06293064170285,209965,88
0.7314858278888088,0.5858898178764138,-29.818588704480646,0.02797076890024286,0.3324209356321208,0.0571197574060352,0.3790101454086639,0.6457682705476298,134.03611152149878,282679,25
0.6816472548509223,0.6314873395481503,-15.484193434070658,0.3403226264506965,0.26139806288100587,0.16965666739261365,0.1958352367790115,0.616284099785109,108.32148254205273,183184,18
0.840030662051107,0.6520094773737165,-26.302576256023457,0.31733796466924385,0.13597794871736024,0.05128541125467611,0.25055559508027847,0.595776502794357,139.10824035325965,233652,29
0.3830142172025817,0.4841688880059216,-20.769627315661545,0.02845292386217832,0.05855693160632407,0.12912831378432166,0.2682879989117536,0.8514798414151087,129.81827350954975,133320,99
0.5513613276513163,0.6240782587837456,-2.2182132054520354,0.04277904065455159,0.6014318584295842,0.010224508862973276,0.21253145749580188,0.5831043327503902,105.42749497116417,189740,47
0.7288545435174207,0.8807921096035771,-25.149163401780395,0.2259101755380312,0.542582950337692,0.031847077598446245,0.23893240447696634,0.5682842344994427,148.18635917806375,156517,15
0.6990452744394304,0.6108596365796878,-1.0250304084500217,0.339986489669791,0.6298113016787912,0.07848668094227906,0.16251894682647644,0.2478516201685393,101.47657215792194,293245,70
0.5831087176227839,0.4878903406752684,-23.82616869031735,0.05859786853873908,0.5844102972718348,0.4145723074970447,0.11660055641665278,0.5761694954950004,141.39733263513034,324327,17
0.7545492680828628,0.745770495410916,-7.7530167459951125,0.03871298003885736,0.2623930633446406,0.07104199702036358,0.18372054289294626,0.678083889856944,101.9246075428483,198717,55
0.3239230437522872,0.4661384008395456,-13.599682053080649,0.07467463171522046,0.1372339047744619,0.16362971132451887,0.32030106249287127,0.5119523432193029,112.0981660289566,173617,20
0.377587830710448,0.8520240543206324,-3.465638172097225,0.11640126414462555,0.21205340635920894,0.04417322167985033,0.24411947203226497,0.4231969314764681,115.9338927555714,141163,30
0.6589087716779923,0.8046284557025144,-13.380202334906071,0.03194817179565926,0.1437831666690156,0.020378727649889128,0.2120413744187763,0.37145066361395357,128.46457727215903,235872,0
0.6201319459265956,0.4844063286558129,-13.96322342531074,0.13336001120802154,0.16497031625303865,0.009047970879388731,0.21471557515559414,0.8279382705131064,60.0,183862,2
0.7271404409134102,0.46631659349596993,-24.136259988948005,0.005303940438718155,0.35072344799765787,0.05466578586141665,0.48993383063161666,0.6379795836623843,131.4503887872464,187077,94
0.6406582489372655,0.6881448543858492,-25.01311913845024,0.0050550930812237604,0.1236767140023194,0.02573591471287534,0.4712859093544146,0.5692895636622356,117.43801942143978,317775,24
0.5212096899328472,0.8329995862320024,-2.5053254665345737,0.04882290358062499,0.3001301290644164,0.02867597317066347,0.22810150062078755,0.23599604756218823,127.14350403191479,202216,7
0.8174874536971596,0.7297575902593559,-20.16485403449898,0.04361406153665401,0.08817666749276759,0.21454277339017183,0.10153715895416851,0.6759236743507486,132.56220809055256,255198,64
0.5938830506328284,0.5679686632427132,-18.837532351113122,0.037926127023876856,0.2813573235923288,0.0023947250131260115,0.6266615995624234,0.4015376430073132,129.8452209497816,223177,61
0.5689878151967529,0.5657532291535197,-7.205290247148348,0.06753460896468937,0.2627604540410931,0.12240238640449996,0.7275864396232603,0.29418114226666664,69.81597869352369,138687,6
0.8945455822558026,0.5588821834265171,-19.83529552731578,0.038674186064988444,0.5717220352780182,0.07157511556526305,0.3734418125671512,0.5694092397217214,93.47473503029944,109307,6
0.3996868324012269,0.6115608008916465,-1.4381266008299176,0.021351247744299525,0.09787928660380361,0.10595006132681811,0.22084789597458415,0.4815445925929447,128.32039835815158,249251,7
0.5913288363288025,0.49748059578963155,-7.862166930035991,0.03702952073058832,0.18090841061389792,0.12411505291943901,0.4516261436428662,0.6187773257458642,124.99240491563495,322246,18
0.6901212098147769,0.9247716237735278,-12.0771227227974,0.36850576788188866,0.19189297244548909,0.05639345213856757,0.3705173870182741,0.5890119939403867,100.26115786209198,238899,16
0.5791957624669054,0.7289792608532086,-3.5731451836574255,0.05295216724374391,0.4378854504808222,0.052456784955222525,0.2635343813805407,0.6471586652830427,138.44098000149702,257445,10
0.5073827972144536,0.683854508060142,-28.511822749515517,0.05882697799283968,0.27657048229760856,0.19830192120025042,0.26156887173893184,0.5972750006363783,113.5893707717855,165717,48
0.6814258081702397,0.7947320823752261,-22.288119234323737,0.08593080041840839,0.3600801505110385,0.30751385668288533,0.12905119249921013,0.8497097560354916,142.14315884704638,280893,10
0.5347494467892835,0.32891021271235144,-16.0489099733727,0.40947907666100686,0.29820374710933634,0.03208699827351721,0.38671784779834395,0.6259607460261678,150.2505327861436,280150,40
0.7803200108509206,0.7373809408791511,-23.19064381585437,0.027654601110677485,0.11032125402614003,0.01540772820818551,0.37864318453742724,0.5663760146546882,126.95755128907943,178228,61
0.35041257221208866,0.7998296102694478,-7.682844380935442,0.11434489265092901,0.1518890752929192,0.34211738530623775,0.22100695718057367,0.6813112940357843,133.88881204581392,252724,51
0.6781111051620342,0.3435763562228758,-2.423759068388245,0.12587271462934224,0.390328238498523,0.06459331557983779,0.11538634623663921,0.43703867104333677,104.78849796419348,114014,65
0.5401293680339548,0.7928362371153829,-17.286896402072298,0.09347714960388029,0.33110688613123673,0.12021592869538388,0.15331361219802633,0.5572628710550749,142.30524682024964,263434,67
0.6834881133346595,0.7272744354387056,-19.736021996643153,0.009274963440079735,0.2008776114080248,0.06683602809017247,0.14994577120230884,0.8022485737619234,125.45310924202508,185654,91
0.7511781084942138,0.5621579134621295,-1.1534780358730123,0.1129707603047288,0.048979617301161224,0.020167315366461654,0.3136896748503961,0.38925474298104096,112.63222402889548,146372,96
0.5352404661934802,0.5002119063680548,-16.654427015173773,0.00662409946287563,0.12330677773666152,0.13349539683549733,0.23434760800244936,0.17925512221661044,89.5295416695586,244158,74
0.6495919116659865,0.3940624313960317,-15.328547986521503,0.09066935563182682,0.3349205797884951,0.1117105573443821,0.38134534865236397,0.40349207488193956,107.8639657723975,113696,66
0.31650630700557797,0.27199696657859374,-19.45050382974284,0.1345464087165402,0.13972028068215975,0.03403387783629561,0.10526170437713707,0.5170162121831476,92.2631113790064,240544,39
0.39134235864087913,0.7651746361870723,-2.713545809635849,0.02369507974194625,0.5791007161606667,0.09018615764552694,0.3258739988751857,0.4857463139619379,139.03724347348404,152063,4
0.7186984019598176,0.3626464454786404,-12.931335501544478,0.18427707457617942,0.7419448036885942,0.23914360986954789,0.2535744005158479,0.439213569727806,150.51074773972164,139223,84
0.6131904125524212,0.417407443109469,-7.13476238455066,0.0030824021993599406,0.229838746712316,0.13389569033674847,0.3452707431874255,0.29423262157026986,142.90672997324677,223591,21
0.8332145584936208,0.9057005708418339,-5.645798449473409,0.18567003987341735,0.4154026027994106,0.015291176418039799,0.15624385696513682,0.4616240436937233,182.15050615694182,209646,36
0.6885994234116553,0.6802708322136436,-19.744528742482256,0.06167956781969939,0.3325062048861093,0.11911809907835688,0.21866794320277022,0.6255701094060576,108.48982696257566,307407,10
0.5369434106251879,0.6274126938210504,-16.9891700603886,0.024537374618253113,0.426517797894386,0.1819713571482905,0.18291841562246652,0.544153265130204,134.91430862208875,142911,43
0.5793194402706046,0.5797389696570806,-4.54584676781206,0.014361421961938277,0.6609010846342681,0.23604070333679772,0.41592559296466197,0.6293741288552424,90.46612588542887,302503,85
0.5966425339375349,0.7643041109755668,-19.102339449725694,0.3064164607508018,0.2930990674380786,0.14878052852221185,0.09504817901425816,0.5025387572639466,115.0687339911925,151741,52
0.5434548185615448,0.43876216942933993,-6.181945996444461,0.00754410315239231,0.013338125594690553,0.024847662295649272,0.11941954657683941,0.2791785595652708,83.06626977862807,275166,76
0.4318133229839338,0.6500169006284441,-1.770230322766887,0.02220109678489743,0.33712256543589203,0.18577080083386424,0.13591115658529077,0.6931425952685272,134.20485793261975,286365,60
0.7107413783992159,0.3700455467448688,-11.30368880795979,0.04274382809073824,0.5170278545537692,0.16967427948085978,0.13066835954875117,0.41775012935263134,111.11270842714497,239287,66
0.7210013632912871,0.8830298576183019,-7.751181376443333,0.09682022408988973,0.057227944692269175,0.003709525246459163,0.1401409781916746,0.32561050871231645,68.63544937845207,172542,12
0.8280106081623889,0.6381063602628704,-5.847080638765954,0.07870207803470636,0.6068938944826024,0.07958989295775962,0.2151898962171584,0.7408521089727214,102.8745389266234,128622,91
0.6524659800898933,0.39185158348627147,-4.648810533100725,0.013426708307817982,0.6435601389477845,0.06073359653821016,0.29264663190917806,0.5300199606391582,164.8278581901874,102893,10
0.7881459674959809,0.5629594988735466,-18.14839986429612,0.0342107260823604,0.44023672812312487,0.16603238793845307,0.10868662761069636,0.7112047894101197,130.26074718127256,331137,10
0.5776176153750645,0.7290099275072652,-28.462096224720057,0.0272795786510522,0.07909472550479471,0.03652792554392939,0.20557258773418652,0.5503237163958664,139.22731657389375,202188,84
0.588893518953675,0.5176985388608517,-17.943711862897814,0.024021704555933256,0.2641188058125815,0.13405905377960176,0.2543175220914664,0.15845123350894497,123.13863198249409,153719,84
0.8270344124758342,0.49007566567056854,-9.787313106477306,0.05295741788075499,0.14505967609750187,0.366632601625469,0.31772346610406804,0.24887732405826588,115.46102696011918,151410,6
0.7626306839402456,0.7414125009832624,-16.489488426576216,0.12175020890595359,0.34464245759930123,0.23977645566835834,0.08425149943368934,0.5313787818273257,120.3894753452388,230071,16
0.7448207100318496,0.5354548874306896,-7.531105474188044,0.024520120785569463,0.12057825936537216,0.3816177610393075,0.30837544910267606,0.542047338133866,126.13581810559462,196308,47
0.35232141687374546,0.7848947274729057,-19.290527115940083,0.04567776864231982,0.5177780423520806,0.5759969871180909,0.2533126887984995,0.6069015135042946,92.5836888599746,104842,13
0.6603257082024616,0.5772245482533003,-10.957675766879113,0.0495801432353727,0.2290506178869762,0.0016091191525246656,0.19853417503059717,0.4714355146410724,139.07655039346386,271872,62
0.7953547305524036,0.7247506726699819,-24.407405854380762,0.37489067553667565,0.21150460958675005,0.14622360860304515,0.17180896316740604,0.57577494545517,148.04568729968702,240099,63
0.7375617179567538,0.815405397800405,-7.518916900651292,0.3093705848387592,0.19627872082327022,0.07986853473132295,0.12537944662155479,0.807329718486343,115.08526507639172,330394,96
0.73398947893944,0.8064687449142596,-13.629120935609224,0.16101260629157196,0.18236175387586823,0.29476110620683255,0.09618838321361381,0.45704987577185846,106.92398925958535,288447,74
0.8125592085094185,0.35462584827409177,-23.87806834360198,0.027662202201299044,0.2522517475269617,0.043515691064940965,0.31723727837935806,0.2835456736869457,101.45227500887991,60000,76
0.4500396043852702,0.6727099725213901,-21.24266479506578,0.007046250167707583,0.04065240918944569,0.5947304346292046,0.1091774029640935,0.7433284497569645,163.98041508906073,305018,64
0.5983040260756352,0.8494013776264782,-7.541738742545029,0.03811200745319289,0.35781879636632624,0.14267424599626105,0.13941501197673078,0.3007663799474449,108.69322902016108,292449,33
0.8210705766359377,0.7554315058746189,-15.521962930154379,0.03103293291023623,0.15550326169247855,0.23664540113713695,0.2928824703619941,0.1326840029036575,136.33285785536353,175817,8
0.7603827709960523,0.5636795545701857,-23.519056788207834,0.07050695709406195,0.4235698184514463,0.013423001619403269,0.06533036526441308,0.39821035230217094,115.2606576129336,194045,76
0.28220362877046756,0.754154315323755,-0.9818642888910711,0.15038530172563103,0.44685219369483525,0.03040151815383521,0.19506141058216153,0.5190946880415985,113.90924860705174,244703,36
0.27531281888867826,0.8748049128508723,-8.546249405493363,0.1954205028797643,0.4449458737235301,0.21307305239897736,0.18729845108500326,0.7018355430778771,100.88125749485692,159147,29
0.5424735685685554,0.7234261801557976,-1.2859550238061157,0.18634536779680222,0.3495493880605239,0.0033347741844589433,0.21940035859780754,0.42579206756362625,95.74251259764961,205436,40
0.6586342748722798,0.7371459600846775,-17.186848639189705,0.04457802954879003,0.3159843982220047,0.2546403906848638,0.1453531842825071,0.21269006554184214,138.49801900616376,280002,44
0.5391191671279612,0.6383098866778654,-15.746989779248386,0.11623010700110076,0.49764687439639277,0.0021070830803326837,0.20246438562199548,0.7748724279322545,95.17693799924827,251063,100
0.5820923452819169,0.312990105528941,-3.061343514449425,0.037517967311876156,0.35301906041150677,0.16055570421255586,0.27916351430388814,0.3036046835995729,131.56298098980196,179992,46
0.5247933571363385,0.6723850307174775,-14.248519792638461,0.006283921189922631,0.348523207774895,0.06814172953581868,0.41597793387001536,0.51338556719389,122.26459808703741,281365,6
0.6448763803139582,0.40049929482290303,-8.781632642829985,0.12092040152918222,0.39836736091044056,0.14181732902222596,0.1746050419372513,0.7196120130732968,138.81596336198092,238173,13
0.28509073006820596,0.6939496214760497,-22.4348136751341,0.0009876161699253507,0.5924717736409679,0.1786246343065808,0.1785486152407269,0.44611143005614995,104.7511522352361,236122,47
0.7515296022220682,0.2800862186753014,-16.598205938920785,0.05262482559401491,0.6535663036221161,0.06289092392849384,0.12319371345322604,0.634289698103553,147.00360416300236,189104,5
0.6233653997240276,0.33684907707995854,-26.296504025689348,0.039955153177151204,0.06796828775507222,0.01713705731366888,0.19416855496199825,0.6274923954537148,116.47023544774157,219607,33
0.8773529619526604,0.5623079497817606,-23.82059892369115,0.11821380553414716,0.44717098881103223,0.01082849669227341,0.3651123186154861,0.5321679179549103,184.79236803273906,173554,79
0.8201200541494807,0.5235581665830273,-29.971697541971068,0.14534837431308587,0.11589173380314252,0.1333509620602893,0.29610687683189024,0.8163181162417238,79.645591625879,103566,100
0.7565326730341145,0.7717175268296753,-28.822048450540194,0.03625415991157512,0.28143334907335055,0.11030031423878492,0.25776945388386013,0.654897085901747,180.7233684519226,203212,99
0.40625214081234273,0.7135884412719009,-0.681485304692121,0.16693313158941353,0.11956740938013885,0.2033362654261973,0.32118840897746775,0.5399579958595262,116.84085004859654,212670,45
0.4982207657245328,0.5416673673500627,-22.72938914589713,0.03480221454713877,0.19888562321116207,0.10692153870025359,0.1757294362390765,0.7529004499310014,125.57005254297151,228237,58
0.5558404601230934,0.48088594713405236,-10.100678714879942,0.05911798632695978,0.07044139226118201,0.08234294563729629,0.06367395620235758,0.6581470650099104,104.89276420977127,292729,69
0.6548173256335365,0.6085983522087647,-4.8270090360116535,0.12983513506207153,0.4551597928900048,0.07614639877587363,0.1558796978389767,0.4869604277147357,80.7779676744153,180862,7
0.5587207131121138,0.5130095135165813,-13.480186222903072,0.11806477254887482,0.379625712051158,0.004020436930668063,0.31272816685269167,0.4796286046235875,106.79008069949059,197934,23
0.7944980674952123,0.695597967507456,-25.405664997481313,0.437155939286399,0.6618131445009782,0.06132097302699499,0.14156516674598216,0.38770085221668976,110.85782537818862,265970,66
0.2069142953814032,0.6514230127253354,-8.156506879915009,0.02551000443984755,0.44064618606645983,0.559581254759865,0.33950332799699673,0.7463344429724657,124.57004281826853,174848,3
0.5720143539033542,0.770923813821177,-11.992457697012508,0.10856503987174065,0.06948792611562547,0.31019286076728314,0.22113458120122798,0.5091415082970333,148.0284586252588,229224,95
0.5186857957069753,0.6578543653110525,-8.062482319578749,0.09407932524898305,0.5095985612755746,0.059932460850662284,0.25706224931583443,0.6083843292018629,124.76826816517787,195503,0
0.8573817477488018,0.5808512591589957,-6.907601314287385,0.24662629819439508,0.1493362462553794,0.13293531948715737,0.3310248659738142,0.19631514125935795,125.203544082066,205382,33
0.6878357204952498,0.44405603572267904,-0.7376889694576472,0.01700319542446785,0.314720980619649,0.2818888131277527,0.19378328205485496,0.6673085023605662,129.60919291292015,265488,8
0.6772321486780144,0.8287051879941185,-12.793101599198701,0.13935130073144775,0.10387418789996018,0.0873145034561635,0.49966686824793616,0.5761962432146472,76.12674517209379,197592,62
0.5026559631029107,0.6177458126875243,-19.750766619281947,0.08399516810523487,0.5929483893002673,0.0027181594415227133,0.20809493733993506,0.22590549367779314,78.4368874465977,267444,75
0.7055405646996918,0.6631439226584455,-10.546063292992887,0.03211228610370189,0.14932316516690733,0.011614867649464476,0.43651988280070175,0.6559358075144449,82.57527527839252,102854,9
0.4405313171817724,0.8425684908919482,-27.946778722721216,0.06432812412387727,0.17296957661999926,0.10712275220522878,0.26386196848434434,0.5014025221428444,110.66815355011614,134223,9
0.6443497591752733,0.6124306838140019,-3.0780804503524104,0.04061302248539729,0.5397535652724146,0.523206432815738,0.16587870174968763,0.5524201220032872,73.20712200689898,80907,49
0.8177116027760272,0.7612711673889125,-26.418569659854096,0.08658671471970726,0.20638116668271503,0.17723854685715454,0.28550538585309126,0.3478815547578584,102.75531138177237,150053,43
0.8264959330995787,0.44441876342325015,-20.164714863425452,0.2198230580519771,0.5549298642100525,0.011033449575086104,0.26595201715153,0.5345344938067932,85.79376887547461,331410,47
0.5226315473835071,0.5935014904632213,-5.527638581216373,0.08423550598058523,0.26469616515204925,0.031489845032033115,0.12029305667865942,0.15271890518709882,132.19288565496703,218947,86
0.8045455964715725,0.6667102539174563,-12.080628650078646,0.09989183271273994,0.20752197434122827,0.22131680665884795,0.3673263433333573,0.26487304698888814,130.94139072270627,176721,5
0.31741610643011375,0.4518630819770665,-18.190934391676738,0.07313639198622728,0.053680119741308374,0.27624310417545717,0.30451816758167183,0.7897037786136133,112.48389900660086,266968,87
0.5855937283323338,0.8409795262431098,-15.796930218749358,0.005252089647272541,0.44520273384232917,0.14423032158302881,0.42498723359582385,0.3936304349070917,72.50097704582643,275440,23
0.5302465337965052,0.5944607924917177,-4.3635782039345905,0.026508408376392213,0.6184913264668911,0.1551020900856697,0.2539426934824442,0.39443947517839817,114.07140226409561,146749,84
0.2378258629377705,0.7539883715193237,-19.799868418203236,0.06772772358033138,0.3079636847431777,0.004312005896382603,0.15792808690923776,0.6208069010089505,128.21565288440257,369892,94
0.7272610171553625,0.5432167839463077,-3.9105094556348607,0.037140473047581495,0.6201983383691245,0.264502270297821,0.25381541219054626,0.5701059527353096,140.26816668097538,236579,57
0.7946146749030172,0.9099121318275016,-27.355967070699254,0.020060398383999162,0.15909065280331444,0.23287019990823418,0.23950563117892826,0.5778450679334057,163.83511568282427,244141,63
0.7710847136861605,0.7726987536124488,-6.696046883741078,0.07014472145775823,0.3646050375441866,0.04497031241257953,0.17853004240429143,0.8689840829088877,147.96245451054207,249833,93
0.7344450971068126,0.22139099511754373,-4.573571008357909,0.03898030905050024,0.19765613469454904,0.18499825507213175,0.1820457682472683,0.5598162597143044,124.11941322669824,249708,55
0.6758505001796548,0.7444346676804587,-24.545470414879837,0.029855111800095202,0.5660612912767989,0.03628295454069549,0.21179156374489694,0.40944932670309814,112.86896649231562,182711,97
0.868110843348877,0.45412177809221127,-17.089604028833985,0.06235939120134726,0.2127014778705358,0.006174895715328645,0.4212972436920236,0.19467437891702657,101.42664759271798,346751,81
0.5251124156449277,0.54244849585364,-25.035006760090333,0.014304421995402432,0.3177348235421192,0.033684785950848964,0.08469276499043552,0.28539201643582346,153.8915473972482,202888,11
0.8102129004506362,0.3015703045503609,-8.801876130173467,0.2627563895953608,0.45414648296824117,0.029517035041504828,0.18874623848589328,0.5311133191362675,124.16476449247767,277451,34
0.5720160836497592,0.15635292674226958,-13.939566958150298,0.20226990652752322,0.545266438474012,0.06181636888448851,0.47052398163076303,0.22471562207163545,135.7636052170863,191503,70
0.5988074544148503,0.7679639920876403,-10.94029959875037,0.12297029562543074,0.6096707303826775,0.0813086192353863,0.11488636078797279,0.596964384738071,105.24450655176607,180864,88
0.45012596402646227,0.37035088771517655,-24.105390991313666,0.011228871316461364,0.05406479783666328,0.10655587060501429,0.6375542800283693,0.19349986478447082,88.9772733622548,334111,5
0.5184725003792533,0.701465192424444,-23.647624138427414,0.14955614060910039,0.45879491919932563,0.09715549864391697,0.3157606103710633,0.4373353879373073,109.99155704318183,213497,64
0.7412799252267388,0.47674766656622647,-28.75508023470281,0.1650037682215909,0.2797013575382582,0.047345293479065166,0.14085731771803975,0.5696161096211466,112.42679335485934,217953,79
0.3619969992749194,0.7864649094857704,-20.33797394412811,0.14600038428355447,0.3072771084580013,0.004440688788175872,0.2709453415586637,0.8311007099221439,124.79431084110345,237017,59
0.7220461816192689,0.5246269418985827,-13.207660159989752,0.012099982699549117,0.3262316154908034,0.1393690228001188,0.16647604518511097,0.9376315145514692,101.56415277540061,376106,67
0.7980825057113948,0.5383093427477708,-4.261952580080136,0.10325660339853092,0.10722526643173291,0.07556380546819451,0.15026243771180414,0.7120460421287074,120.62424658454911,350125,28
0.7100847947558373,0.4058657636350261,-9.99217657623958,0.17977260081696056,0.3770639818680073,0.053216973419690394,0.2783235061590135,0.40051307090579275,149.44265885887546,297026,37
0.486559975208647,0.39329782457629453,-16.93811029800746,0.08612189130065928,0.16405303958143092,0.3025444442991607,0.07867380526350308,0.6384410152130071,78.17595976157163,391217,91
0.6333005206950314,0.7481209315063896,-1.4063965681758661,0.10396098059816711,0.09330735258658554,0.20600275663856227,0.0904658324642525,0.36810767602334193,67.07743520109129,163325,21
0.48224921598903764,0.5595183713166132,-8.422643982725045,0.06131601287606567,0.42918851852003115,0.2925417772642777,0.2836812869786428,0.38196780370180744,151.14784621546144,259353,7
0.5685960327046657,0.325081250187326,-2.0950439141235,0.07522759764356404,0.4391404412077546,0.10247441706162409,0.16289985822372796,0.2576505797203427,83.40933854919282,224549,62
0.656523413797593,0.8094938075195468,-14.17236080183503,0.0034981643404519633,0.4907174735759635,0.021049956805384067,0.33538104181904516,0.6447378513695117,110.49820082768866,113854,95
0.6725303331583949,0.7383423197684994,-22.23287175620581,0.10187748936881086,0.2337500977315919,0.17871843769316884,0.22315050414761228,0.36850979336435885,135.21199203266218,247785,96
0.7006760750084032,0.4442543850766404,-28.41519940905834,0.008495590498342368,0.5873590601705874,0.034614711583160374,0.1606176011030457,0.4084778662671367,118.51934578323068,190550,12
0.5278907982452741,0.31007366153175125,-8.217454455484486,0.057095537885997506,0.27353861055878265,0.08730251209549396,0.3279256591733586,0.5576704575220202,118.16780302491063,312010,26
0.48239137426837664,0.4170166741930565,-26.360910059833977,0.03462368928147022,0.5338089235523403,0.010081439023411307,0.25579308696909325,0.676948495796149,121.80991619545746,196298,17
0.8126646613828628,0.5624766040282602,-20.916746151840986,0.0788398852541655,0.4977652419867526,0.26170997389427963,0.6796507266541645,0.602086399785396,182.96785248236156,192886,17
0.691578028593115,0.7772518078078796,-14.025872763483079,0.014319661998462758,0.19639232316728122,0.020191048381678994,0.17511882507783688,0.4232346929749672,164.51562389793037,311984,76
0.7892858241766794,0.5236190435197244,-13.06750236660757,0.11764983799247519,0.20698281621196843,0.3501075050056565,0.10750172483192519,0.5470279085467458,102.65686727829039,216072,85
0.7581218584633438,0.9437188826983731,-11.98250409038592,0.15848015791272338,0.3092807852183383,0.29951961559132056,0.42600832473504274,0.5158515740068889,146.27220602367174,289772,61
0.374633108001027,0.48323230492747277,-25.01234008950898,0.01783547745797599,0.6464823574417933,0.09370634347220394,0.1947492791663188,0.4609666031711916,132.6376939397949,245461,13
0.790344386508055,0.5603989703325102,-18.607877855350537,0.011016435491942528,0.2201679526464557,0.20460257518628555,0.1179303129048934,0.668457401198479,119.51212993120745,246266,10
0.6077433678481645,0.3449431146981707,-11.484173186490999,0.01572568957098479,0.3283080109753143,0.14491871391781833,0.27265325163803467,0.5112147381008908,97.30327978806477,205357,85
0.8434184332631184,0.5518662801320531,-0.9054340609864575,0.20966085503639165,0.33252998755671026,0.24374033928563635,0.23382923123490806,0.5412541756585921,131.28420078613667,250132,99
0.5308012302160156,0.7351116331306231,-8.17106586900934,0.07511773521072407,0.21432489810933478,0.0847936180047423,0.21839618266363614,0.5984871654355094,112.34886337338956,212110,16
0.9604774911066429,0.8624555487743766,-2.3218872871812657,0.0629723648305585,0.572961885670593,0.2311327096105258,0.31139472248171224,0.5321316390746242,110.51099812677103,171771,50
0.6365205319841846,0.7331825215863417,-7.1336382505746885,0.011284603919401594,0.2051938111779548,0.09311192727952815,0.1831425484661674,0.6568963589283308,100.82321621702822,213744,95
0.5702363584493765,0.21590429443659018,-12.248490933227988,0.10485543763081409,0.3413790661984561,0.4244457204094609,0.40364735033162796,0.30179983361666457,144.99558802656065,297269,13
0.744210588642406,0.3910300387942761,-24.239298925909665,0.2024950264696681,0.36965400535978404,0.0999384310887596,0.28300043534969666,0.36040313812112595,100.80654953426546,252160,56
